event_id,ticker,zone_id,structural_zone_key,event_timestamp,event_type,direction,price_at_event,boundary_price,close_distance_pct,bar_index,local_bar_index,global_bar_index,touch_count_before_event,meaningful_touch_count_before_event,is_first_meaningful_test,bars_since_last_touch,days_since_last_touch,zone_class,zone_side,zone_timeframe,zone_width_pct,confluence_count,metadata_json
AAPL::20250625::resistance::1::probe::2025-06-30T00:00:00,AAPL,AAPL::20250625::resistance::1,"AAPL::resistance::201.5850::5.2750::avwap_D,vp_D::D",2025-06-30,probe,up,205.1699981689453,204.22272685368856,0.004638422617554269,38,3,38,0,0,True,,,composite,resistance,D,0.026161433458046182,2,"{""source_reason"": ""avwap_D,vp_D"", ""trigger_rule"": ""probe"", ""zone_valid_from"": ""2025-06-25T00:00:00"", ""zone_valid_to"": ""2025-07-01T23:59:59.999999""}"
AAPL::20250625::resistance::1::breakout_up::2025-07-01T00:00:00,AAPL,AAPL::20250625::resistance::1,"AAPL::resistance::201.5850::5.2750::avwap_D,vp_D::D",2025-07-01,breakout_up,up,207.82000732421875,204.22272685368856,0.017614496319537425,39,4,39,1,1,False,1.0,1.0,composite,resistance,D,0.026161433458046182,2,"{""source_reason"": ""avwap_D,vp_D"", ""trigger_rule"": ""breakout_up"", ""zone_valid_from"": ""2025-06-25T00:00:00"", ""zone_valid_to"": ""2025-07-01T23:59:59.999999""}"
AAPL::20250710::resistance::1::test::2025-07-10T00:00:00,AAPL,AAPL::20250710::resistance::1,AAPL::resistance::211.1550::2.1125::avwap_D::D,2025-07-10,test,up,212.41000366210938,212.20883292391088,0.0009479847536347858,45,0,45,0,0,True,,,cost,resistance,D,0.009999999999999938,1,"{""source_reason"": ""avwap_D"", ""trigger_rule"": ""test"", ""zone_valid_from"": ""2025-07-10T00:00:00"", ""zone_valid_to"": ""2025-07-16T23:59:59.999999""}"
AAPL::20250710::support::3::test::2025-07-14T00:00:00,AAPL,AAPL::20250710::support::3,"AAPL::support::210.0800::3.0250::avwap_D,vp_D::D",2025-07-14,test,down,208.6199951171875,208.56830977201463,0.0002478101550008618,47,2,47,0,0,True,,,composite,support,D,0.014402520242310162,2,"{""source_reason"": ""avwap_D,vp_D"", ""trigger_rule"": ""test"", ""zone_valid_from"": ""2025-07-10T00:00:00"", ""zone_valid_to"": ""2025-07-16T23:59:59.999999""}"
AAPL::20250710::resistance::1::test::2025-07-16T00:00:00,AAPL,AAPL::20250710::resistance::1,AAPL::resistance::211.1550::2.1125::avwap_D::D,2025-07-16,test,up,210.16000366210938,212.20883292391088,-0.009654778425439645,49,4,49,1,1,False,4.0,6.0,cost,resistance,D,0.009999999999999938,1,"{""source_reason"": ""avwap_D"", ""trigger_rule"": ""test"", ""zone_valid_from"": ""2025-07-10T00:00:00"", ""zone_valid_to"": ""2025-07-16T23:59:59.999999""}"
AAPL::20250717::resistance::1::test::2025-07-21T00:00:00,AAPL,AAPL::20250717::resistance::1,"AAPL::resistance::210.5000::5.6325::avwap_D,vp_D,vp_W::D,W",2025-07-21,test,up,212.47999572753906,213.31499372959138,-0.003914389642533993,52,2,52,0,0,True,,,composite,resistance,"D,W",0.02675381812048468,3,"{""source_reason"": ""avwap_D,vp_D,vp_W"", ""trigger_rule"": ""test"", ""zone_valid_from"": ""2025-07-17T00:00:00"", ""zone_valid_to"": ""2025-07-23T23:59:59.999999""}"
AAPL::20250717::resistance::1::probe::2025-07-22T00:00:00,AAPL,AAPL::20250717::resistance::1,"AAPL::resistance::210.5000::5.6325::avwap_D,vp_D,vp_W::D,W",2025-07-22,probe,up,214.39999389648438,213.31499372959138,0.005086375542210577,53,3,53,1,1,False,1.0,1.0,composite,resistance,"D,W",0.02675381812048468,3,"{""source_reason"": ""avwap_D,vp_D,vp_W"", ""trigger_rule"": ""probe"", ""zone_valid_from"": ""2025-07-17T00:00:00"", ""zone_valid_to"": ""2025-07-23T23:59:59.999999""}"
AAPL::20250717::resistance::1::breakout_up::2025-07-23T00:00:00,AAPL,AAPL::20250717::resistance::1,"AAPL::resistance::210.5000::5.6325::avwap_D,vp_D,vp_W::D,W",2025-07-23,breakout_up,up,214.14999389648438,213.31499372959138,0.003914399791097122,54,4,54,2,1,False,1.0,1.0,composite,resistance,"D,W",0.02675381812048468,3,"{""source_reason"": ""avwap_D,vp_D,vp_W"", ""trigger_rule"": ""breakout_up"", ""zone_valid_from"": ""2025-07-17T00:00:00"", ""zone_valid_to"": ""2025-07-23T23:59:59.999999""}"
AAPL::20250724::support::2::test::2025-07-30T00:00:00,AAPL,AAPL::20250724::support::2,"AAPL::support::211.4550::6.7100::avwap_D,vp_D,vp_W::D,W",2025-07-30,test,down,209.0500030517578,208.10216744422914,0.004554664755150576,59,4,59,0,0,True,,,composite,support,"D,W",0.031734175897696754,3,"{""source_reason"": ""avwap_D,vp_D,vp_W"", ""trigger_rule"": ""test"", ""zone_valid_from"": ""2025-07-24T00:00:00"", ""zone_valid_to"": ""2025-07-30T23:59:59.999999""}"
AAPL::20250731::support::3::probe::2025-08-01T00:00:00,AAPL,AAPL::20250731::support::3,AAPL::support::205.8800::3.6200::avwap_D::D,2025-08-01,probe,down,202.3800048828125,204.07039415284245,-0.008283363576805286,61,1,61,0,0,True,,,cost,support,D,0.017577817057758897,1,"{""source_reason"": ""avwap_D"", ""trigger_rule"": ""probe"", ""zone_valid_from"": ""2025-07-31T00:00:00"", ""zone_valid_to"": ""2025-08-06T23:59:59.999999""}"
AAPL::20250731::support::3::breakout_down::2025-08-04T00:00:00,AAPL,AAPL::20250731::support::3,AAPL::support::205.8800::3.6200::avwap_D::D,2025-08-04,breakout_down,down,203.35000610351562,204.07039415284245,-0.003530095839317486,62,2,62,1,1,False,1.0,3.0,cost,support,D,0.017577817057758897,1,"{""source_reason"": ""avwap_D"", ""trigger_rule"": ""breakout_down"", ""zone_valid_from"": ""2025-07-31T00:00:00"", ""zone_valid_to"": ""2025-08-06T23:59:59.999999""}"
AAPL::20250731::support::3::retest_down::2025-08-05T00:00:00,AAPL,AAPL::20250731::support::3,AAPL::support::205.8800::3.6200::avwap_D::D,2025-08-05,retest_down,down,202.9199981689453,204.07039415284245,-0.005637250756890928,63,3,63,2,2,False,,,cost,support,D,0.017577817057758897,1,"{""source_reason"": ""avwap_D"", ""trigger_rule"": ""retest_down"", ""zone_valid_from"": ""2025-07-31T00:00:00"", ""zone_valid_to"": ""2025-08-06T23:59:59.999999""}"
AAPL::20250731::support::3::failed_breakout_down::2025-08-06T00:00:00,AAPL,AAPL::20250731::support::3,AAPL::support::205.8800::3.6200::avwap_D::D,2025-08-06,failed_breakout_down,down,213.25,204.07039415284245,0.04498254577918982,64,4,64,2,2,False,,,cost,support,D,0.017577817057758897,1,"{""source_reason"": ""avwap_D"", ""trigger_rule"": ""failed_breakout_down"", ""zone_valid_from"": ""2025-07-31T00:00:00"", ""zone_valid_to"": ""2025-08-06T23:59:59.999999""}"
AAPL::20250807::resistance::1::probe::2025-08-07T00:00:00,AAPL,AAPL::20250807::resistance::1,AAPL::resistance::213.8450::4.2200::vp_D::D,2025-08-07,probe,up,220.02999877929688,215.95673010031382,0.01886150377018112,65,0,65,0,0,True,,,inventory,resistance,D,0.019738304189381863,1,"{""source_reason"": ""vp_D"", ""trigger_rule"": ""probe"", ""zone_valid_from"": ""2025-08-07T00:00:00"", ""zone_valid_to"": ""2025-08-13T23:59:59.999999""}"
AAPL::20250807::resistance::1::breakout_up::2025-08-08T00:00:00,AAPL,AAPL::20250807::resistance::1,AAPL::resistance::213.8450::4.2200::vp_D::D,2025-08-08,breakout_up,up,229.35000610351562,215.95673010031382,0.06201833115819317,66,1,66,1,1,False,1.0,1.0,inventory,resistance,D,0.019738304189381863,1,"{""source_reason"": ""vp_D"", ""trigger_rule"": ""breakout_up"", ""zone_valid_from"": ""2025-08-07T00:00:00"", ""zone_valid_to"": ""2025-08-13T23:59:59.999999""}"
AAPL::20250807::resistance::1::probe::2025-08-13T00:00:00,AAPL,AAPL::20250807::resistance::1,AAPL::resistance::213.8450::4.2200::vp_D::D,2025-08-13,probe,up,233.3300018310547,215.95673010031382,0.08044792918780919,69,4,69,4,1,False,1.0,1.0,inventory,resistance,D,0.019738304189381863,1,"{""source_reason"": ""vp_D"", ""trigger_rule"": ""probe"", ""zone_valid_from"": ""2025-08-07T00:00:00"", ""zone_valid_to"": ""2025-08-13T23:59:59.999999""}"
AAPL::20250814::support::3::probe::2025-08-20T00:00:00,AAPL,AAPL::20250814::support::3,"AAPL::support::229.3700::3.7625::avwap_D,vp_D::D",2025-08-20,probe,down,226.00999450683594,227.48964302980957,-0.006504245658250669,74,4,74,0,0,True,,,composite,support,D,0.016407649706601118,2,"{""source_reason"": ""avwap_D,vp_D"", ""trigger_rule"": ""probe"", ""zone_valid_from"": ""2025-08-14T00:00:00"", ""zone_valid_to"": ""2025-08-20T23:59:59.999999""}"
AAPL::20250912::resistance::1::probe::2025-09-12T00:00:00,AAPL,AAPL::20250912::resistance::1,AAPL::resistance::231.1900::2.3125::avwap_D::D,2025-09-12,probe,up,234.07000732421875,232.34683417008725,0.0074163831854496855,90,0,90,0,0,True,,,cost,resistance,D,0.009999999999999978,1,"{""source_reason"": ""avwap_D"", ""trigger_rule"": ""probe"", ""zone_valid_from"": ""2025-09-12T00:00:00"", ""zone_valid_to"": ""2025-09-18T23:59:59.999999""}"
AAPL::20250912::resistance::1::breakout_up::2025-09-15T00:00:00,AAPL,AAPL::20250912::resistance::1,AAPL::resistance::231.1900::2.3125::avwap_D::D,2025-09-15,breakout_up,up,236.6999969482422,232.34683417008725,0.018735623378316607,91,1,91,1,1,False,1.0,3.0,cost,resistance,D,0.009999999999999978,1,"{""source_reason"": ""avwap_D"", ""trigger_rule"": ""breakout_up"", ""zone_valid_from"": ""2025-09-12T00:00:00"", ""zone_valid_to"": ""2025-09-18T23:59:59.999999""}"
AAPL::20250912::resistance::2::probe::2025-09-15T00:00:00,AAPL,AAPL::20250912::resistance::2,AAPL::resistance::233.6850::2.3375::avwap_D::D,2025-09-15,probe,up,236.6999969482422,234.85285399620852,0.007865107536923883,91,1,91,0,0,True,,,cost,resistance,D,0.010000000000000085,1,"{""source_reason"": ""avwap_D"", ""trigger_rule"": ""probe"", ""zone_valid_from"": ""2025-09-12T00:00:00"", ""zone_valid_to"": ""2025-09-18T23:59:59.999999""}"
AAPL::20250912::resistance::2::breakout_up::2025-09-16T00:00:00,AAPL,AAPL::20250912::resistance::2,AAPL::resistance::233.6850::2.3375::avwap_D::D,2025-09-16,breakout_up,up,238.14999389648438,234.85285399620852,0.014039173227714238,92,2,92,1,1,False,1.0,1.0,cost,resistance,D,0.010000000000000085,1,"{""source_reason"": ""avwap_D"", ""trigger_rule"": ""breakout_up"", ""zone_valid_from"": ""2025-09-12T00:00:00"", ""zone_valid_to"": ""2025-09-18T23:59:59.999999""}"
AAPL::20250912::resistance::3::test::2025-09-16T00:00:00,AAPL,AAPL::20250912::resistance::3,AAPL::resistance::237.3000::3.1050::vp_D::D,2025-09-16,test,up,238.14999389648438,238.85242409388226,-0.002940854379278955,92,2,92,0,0,True,,,inventory,resistance,D,0.013079711669953684,1,"{""source_reason"": ""vp_D"", ""trigger_rule"": ""test"", ""zone_valid_from"": ""2025-09-12T00:00:00"", ""zone_valid_to"": ""2025-09-18T23:59:59.999999""}"
AAPL::20250912::resistance::1::probe::2025-09-18T00:00:00,AAPL,AAPL::20250912::resistance::1,AAPL::resistance::231.1900::2.3125::avwap_D::D,2025-09-18,probe,up,237.8800048828125,232.34683417008725,0.02381427202349892,94,4,94,4,1,False,1.0,1.0,cost,resistance,D,0.009999999999999978,1,"{""source_reason"": ""avwap_D"", ""trigger_rule"": ""probe"", ""zone_valid_from"": ""2025-09-12T00:00:00"", ""zone_valid_to"": ""2025-09-18T23:59:59.999999""}"
AAPL::20250919::resistance::1::probe::2025-09-19T00:00:00,AAPL,AAPL::20250919::resistance::1,AAPL::resistance::238.2150::5.6700::vp_D::D,2025-09-19,probe,up,245.5,241.0494431781769,0.018463252862747286,95,0,95,0,0,True,,,inventory,resistance,D,0.023805556099503678,1,"{""source_reason"": ""vp_D"", ""trigger_rule"": ""probe"", ""zone_valid_from"": ""2025-09-19T00:00:00"", ""zone_valid_to"": ""2025-09-25T23:59:59.999999""}"
AAPL::20250919::resistance::1::breakout_up::2025-09-22T00:00:00,AAPL,AAPL::20250919::resistance::1,AAPL::resistance::238.2150::5.6700::vp_D::D,2025-09-22,breakout_up,up,256.0799865722656,241.0494431781769,0.06235460740300731,96,1,96,1,1,False,1.0,3.0,inventory,resistance,D,0.023805556099503678,1,"{""source_reason"": ""vp_D"", ""trigger_rule"": ""breakout_up"", ""zone_valid_from"": ""2025-09-19T00:00:00"", ""zone_valid_to"": ""2025-09-25T23:59:59.999999""}"
AAPL::20250919::resistance::1::probe::2025-09-25T00:00:00,AAPL,AAPL::20250919::resistance::1,AAPL::resistance::238.2150::5.6700::vp_D::D,2025-09-25,probe,up,256.8699951171875,241.0494431781769,0.06563197877755109,99,4,99,4,1,False,1.0,1.0,inventory,resistance,D,0.023805556099503678,1,"{""source_reason"": ""vp_D"", ""trigger_rule"": ""probe"", ""zone_valid_from"": ""2025-09-19T00:00:00"", ""zone_valid_to"": ""2025-09-25T23:59:59.999999""}"
AAPL::20251017::resistance::1::probe::2025-10-20T00:00:00,AAPL,AAPL::20251017::resistance::1,"AAPL::resistance::255.1600::8.3375::avwap_D,vp_D,vp_W::D,W",2025-10-20,probe,up,262.239990234375,259.32901335716247,0.011225033556902377,116,1,116,0,0,True,,,composite,resistance,"D,W",0.032672397693521184,3,"{""source_reason"": ""avwap_D,vp_D,vp_W"", ""trigger_rule"": ""probe"", ""zone_valid_from"": ""2025-10-17T00:00:00"", ""zone_valid_to"": ""2025-10-23T23:59:59.999999""}"
AAPL::20251017::resistance::1::breakout_up::2025-10-21T00:00:00,AAPL,AAPL::20251017::resistance::1,"AAPL::resistance::255.1600::8.3375::avwap_D,vp_D,vp_W::D,W",2025-10-21,breakout_up,up,262.7699890136719,259.32901335716247,0.013268764693791912,117,2,117,1,1,False,1.0,1.0,composite,resistance,"D,W",0.032672397693521184,3,"{""source_reason"": ""avwap_D,vp_D,vp_W"", ""trigger_rule"": ""breakout_up"", ""zone_valid_from"": ""2025-10-17T00:00:00"", ""zone_valid_to"": ""2025-10-23T23:59:59.999999""}"
AAPL::20251017::resistance::1::test::2025-10-22T00:00:00,AAPL,AAPL::20251017::resistance::1,"AAPL::resistance::255.1600::8.3375::avwap_D,vp_D,vp_W::D,W",2025-10-22,test,up,258.45001220703125,259.32901335716247,-0.003389521051856264,118,3,118,2,1,False,1.0,1.0,composite,resistance,"D,W",0.032672397693521184,3,"{""source_reason"": ""avwap_D,vp_D,vp_W"", ""trigger_rule"": ""test"", ""zone_valid_from"": ""2025-10-17T00:00:00"", ""zone_valid_to"": ""2025-10-23T23:59:59.999999""}"
AAPL::20251017::resistance::1::retest_up::2025-10-23T00:00:00,AAPL,AAPL::20251017::resistance::1,"AAPL::resistance::255.1600::8.3375::avwap_D,vp_D,vp_W::D,W",2025-10-23,retest_up,up,259.5799865722656,259.32901335716247,0.0009677791615144277,119,4,119,2,2,False,,,composite,resistance,"D,W",0.032672397693521184,3,"{""source_reason"": ""avwap_D,vp_D,vp_W"", ""trigger_rule"": ""retest_up"", ""zone_valid_from"": ""2025-10-17T00:00:00"", ""zone_valid_to"": ""2025-10-23T23:59:59.999999""}"
AAPL::20251024::resistance::1::probe::2025-10-27T00:00:00,AAPL,AAPL::20251024::resistance::1,"AAPL::resistance::262.1300::5.4975::avwap_D,vp_D::D",2025-10-27,probe,up,268.80999755859375,264.87900015195214,0.01484072880215694,121,1,121,0,0,True,,,composite,resistance,D,0.02096992392818902,2,"{""source_reason"": ""avwap_D,vp_D"", ""trigger_rule"": ""probe"", ""zone_valid_from"": ""2025-10-24T00:00:00"", ""zone_valid_to"": ""2025-10-30T23:59:59.999999""}"
AAPL::20251024::resistance::1::breakout_up::2025-10-28T00:00:00,AAPL,AAPL::20251024::resistance::1,"AAPL::resistance::262.1300::5.4975::avwap_D,vp_D::D",2025-10-28,breakout_up,up,269.0,264.87900015195214,0.01555804667672326,122,2,122,1,1,False,1.0,1.0,composite,resistance,D,0.02096992392818902,2,"{""source_reason"": ""avwap_D,vp_D"", ""trigger_rule"": ""breakout_up"", ""zone_valid_from"": ""2025-10-24T00:00:00"", ""zone_valid_to"": ""2025-10-30T23:59:59.999999""}"
AAPL::20251031::support::3::test::2025-11-03T00:00:00,AAPL,AAPL::20251031::support::3,AAPL::support::268.9050::3.3050::vp_D::D,2025-11-03,test,down,269.04998779296875,267.2511199792226,0.006731001965065646,126,1,126,0,0,True,,,inventory,support,D,0.012290938773842738,1,"{""source_reason"": ""vp_D"", ""trigger_rule"": ""test"", ""zone_valid_from"": ""2025-10-31T00:00:00"", ""zone_valid_to"": ""2025-11-06T23:59:59.999999""}"
AAPL::20251107::resistance::1::test::2025-11-10T00:00:00,AAPL,AAPL::20251107::resistance::1,"AAPL::resistance::269.9000::6.9675::avwap_D,vp_D,vp_W::D,W",2025-11-10,test,up,269.42999267578125,273.38511461893717,-0.01446721760498495,131,1,131,0,0,True,,,composite,resistance,"D,W",0.025810349977612196,3,"{""source_reason"": ""avwap_D,vp_D,vp_W"", ""trigger_rule"": ""test"", ""zone_valid_from"": ""2025-11-07T00:00:00"", ""zone_valid_to"": ""2025-11-13T23:59:59.999999""}"
AAPL::20251107::resistance::1::probe::2025-11-11T00:00:00,AAPL,AAPL::20251107::resistance::1,"AAPL::resistance::269.9000::6.9675::avwap_D,vp_D,vp_W::D,W",2025-11-11,probe,up,275.25,273.38511461893717,0.006821459111489074,132,2,132,1,1,False,1.0,1.0,composite,resistance,"D,W",0.025810349977612196,3,"{""source_reason"": ""avwap_D,vp_D,vp_W"", ""trigger_rule"": ""probe"", ""zone_valid_from"": ""2025-11-07T00:00:00"", ""zone_valid_to"": ""2025-11-13T23:59:59.999999""}"
AAPL::20251114::support::3::test::2025-11-17T00:00:00,AAPL,AAPL::20251114::support::3,"AAPL::support::270.4350::8.9650::avwap_D,vp_D,vp_W::D,W",2025-11-17,test,down,267.4599914550781,265.9511718988419,0.005673295385252647,136,1,136,0,0,True,,,composite,support,"D,W",0.03314955870675052,3,"{""source_reason"": ""avwap_D,vp_D,vp_W"", ""trigger_rule"": ""test"", ""zone_valid_from"": ""2025-11-14T00:00:00"", ""zone_valid_to"": ""2025-11-20T23:59:59.999999""}"
AAPL::20251121::resistance::1::probe::2025-11-24T00:00:00,AAPL,AAPL::20251121::resistance::1,"AAPL::resistance::270.3250::8.3625::avwap_D,vp_D,vp_W::D,W",2025-11-24,probe,up,275.9200134277344,274.5068981043498,0.00514783174172704,141,1,141,0,0,True,,,composite,resistance,"D,W",0.030931306759353773,3,"{""source_reason"": ""avwap_D,vp_D,vp_W"", ""trigger_rule"": ""probe"", ""zone_valid_from"": ""2025-11-21T00:00:00"", ""zone_valid_to"": ""2025-11-30T23:59:59.999999""}"
AAPL::20251121::resistance::1::breakout_up::2025-11-25T00:00:00,AAPL,AAPL::20251121::resistance::1,"AAPL::resistance::270.3250::8.3625::avwap_D,vp_D,vp_W::D,W",2025-11-25,breakout_up,up,276.9700012207031,274.5068981043498,0.008972827762663508,142,2,142,1,1,False,1.0,1.0,composite,resistance,"D,W",0.030931306759353773,3,"{""source_reason"": ""avwap_D,vp_D,vp_W"", ""trigger_rule"": ""breakout_up"", ""zone_valid_from"": ""2025-11-21T00:00:00"", ""zone_valid_to"": ""2025-11-30T23:59:59.999999""}"
AMZN::20250625::resistance::1::probe::2025-06-27T00:00:00,AMZN,AMZN::20250625::resistance::1,AMZN::resistance::214.8900::6.5975::vp_D::D,2025-06-27,probe,up,223.3000030517578,218.18821025848388,0.023428363921304825,37,2,37,0,0,True,,,inventory,resistance,D,0.030701356872342017,1,"{""source_reason"": ""vp_D"", ""trigger_rule"": ""probe"", ""zone_valid_from"": ""2025-06-25T00:00:00"", ""zone_valid_to"": ""2025-07-01T23:59:59.999999""}"
AMZN::20250625::resistance::1::breakout_up::2025-06-30T00:00:00,AMZN,AMZN::20250625::resistance::1,AMZN::resistance::214.8900::6.5975::vp_D::D,2025-06-30,breakout_up,up,219.38999938964844,218.18821025848388,0.005508038815391632,38,3,38,1,1,False,1.0,3.0,inventory,resistance,D,0.030701356872342017,1,"{""source_reason"": ""vp_D"", ""trigger_rule"": ""breakout_up"", ""zone_valid_from"": ""2025-06-25T00:00:00"", ""zone_valid_to"": ""2025-07-01T23:59:59.999999""}"
AMZN::20250625::resistance::1::retest_up::2025-07-01T00:00:00,AMZN,AMZN::20250625::resistance::1,AMZN::resistance::214.8900::6.5975::vp_D::D,2025-07-01,retest_up,up,220.4600067138672,218.18821025848388,0.010412095377160622,39,4,39,2,2,False,,,inventory,resistance,D,0.030701356872342017,1,"{""source_reason"": ""vp_D"", ""trigger_rule"": ""retest_up"", ""zone_valid_from"": ""2025-06-25T00:00:00"", ""zone_valid_to"": ""2025-07-01T23:59:59.999999""}"
AMZN::20250702::resistance::1::probe::2025-07-03T00:00:00,AMZN,AMZN::20250702::resistance::1,AMZN::resistance::220.5000::2.2050::avwap_D::D,2025-07-03,probe,up,223.41000366210938,221.60451825326328,0.008147331214531808,41,1,41,0,0,True,,,cost,resistance,D,0.009999999999999981,1,"{""source_reason"": ""avwap_D"", ""trigger_rule"": ""probe"", ""zone_valid_from"": ""2025-07-02T00:00:00"", ""zone_valid_to"": ""2025-07-09T23:59:59.999999""}"
AMZN::20250702::resistance::1::breakout_up::2025-07-07T00:00:00,AMZN,AMZN::20250702::resistance::1,AMZN::resistance::220.5000::2.2050::avwap_D::D,2025-07-07,breakout_up,up,223.47000122070312,221.60451825326328,0.008418072799886945,42,2,42,1,1,False,1.0,4.0,cost,resistance,D,0.009999999999999981,1,"{""source_reason"": ""avwap_D"", ""trigger_rule"": ""breakout_up"", ""zone_valid_from"": ""2025-07-02T00:00:00"", ""zone_valid_to"": ""2025-07-09T23:59:59.999999""}"
AMZN::20250702::resistance::1::failed_breakout_up::2025-07-08T00:00:00,AMZN,AMZN::20250702::resistance::1,AMZN::resistance::220.5000::2.2050::avwap_D::D,2025-07-08,failed_breakout_up,up,219.36000061035156,221.60451825326328,-0.01012848321236187,43,3,43,2,2,False,,,cost,resistance,D,0.009999999999999981,1,"{""source_reason"": ""avwap_D"", ""trigger_rule"": ""failed_breakout_up"", ""zone_valid_from"": ""2025-07-02T00:00:00"", ""zone_valid_to"": ""2025-07-09T23:59:59.999999""}"
AMZN::20250702::resistance::1::test::2025-07-08T00:00:00,AMZN,AMZN::20250702::resistance::1,AMZN::resistance::220.5000::2.2050::avwap_D::D,2025-07-08,test,up,219.36000061035156,221.60451825326328,-0.01012848321236187,43,3,43,2,1,False,1.0,1.0,cost,resistance,D,0.009999999999999981,1,"{""source_reason"": ""avwap_D"", ""trigger_rule"": ""test"", ""zone_valid_from"": ""2025-07-02T00:00:00"", ""zone_valid_to"": ""2025-07-09T23:59:59.999999""}"
AMZN::20250710::resistance::1::probe::2025-07-11T00:00:00,AMZN,AMZN::20250710::resistance::1,AMZN::resistance::222.8750::2.9350::vp_D::D,2025-07-11,probe,up,225.02000427246094,224.3431252415975,0.0030171596750936495,46,1,46,0,0,True,,,inventory,resistance,D,0.013174404322726808,1,"{""source_reason"": ""vp_D"", ""trigger_rule"": ""probe"", ""zone_valid_from"": ""2025-07-10T00:00:00"", ""zone_valid_to"": ""2025-07-16T23:59:59.999999""}"
AMZN::20250710::resistance::1::breakout_up::2025-07-14T00:00:00,AMZN,AMZN::20250710::resistance::1,AMZN::resistance::222.8750::2.9350::vp_D::D,2025-07-14,breakout_up,up,225.69000244140625,224.3431252415975,0.006003648198973239,47,2,47,1,1,False,1.0,3.0,inventory,resistance,D,0.013174404322726808,1,"{""source_reason"": ""vp_D"", ""trigger_rule"": ""breakout_up"", ""zone_valid_from"": ""2025-07-10T00:00:00"", ""zone_valid_to"": ""2025-07-16T23:59:59.999999""}"
AMZN::20250710::resistance::1::failed_breakout_up::2025-07-16T00:00:00,AMZN,AMZN::20250710::resistance::1,AMZN::resistance::222.8750::2.9350::vp_D::D,2025-07-16,failed_breakout_up,up,223.19000244140625,224.3431252415975,-0.005139996150759891,49,4,49,2,2,False,,,inventory,resistance,D,0.013174404322726808,1,"{""source_reason"": ""vp_D"", ""trigger_rule"": ""failed_breakout_up"", ""zone_valid_from"": ""2025-07-10T00:00:00"", ""zone_valid_to"": ""2025-07-16T23:59:59.999999""}"
AMZN::20250710::resistance::1::test::2025-07-16T00:00:00,AMZN,AMZN::20250710::resistance::1,AMZN::resistance::222.8750::2.9350::vp_D::D,2025-07-16,test,up,223.19000244140625,224.3431252415975,-0.005139996150759891,49,4,49,3,1,False,1.0,1.0,inventory,resistance,D,0.013174404322726808,1,"{""source_reason"": ""vp_D"", ""trigger_rule"": ""test"", ""zone_valid_from"": ""2025-07-10T00:00:00"", ""zone_valid_to"": ""2025-07-16T23:59:59.999999""}"
AMZN::20250717::resistance::1::test::2025-07-18T00:00:00,AMZN,AMZN::20250717::resistance::1,AMZN::resistance::225.0150::2.2500::avwap_D::D,2025-07-18,test,up,226.1300048828125,226.13787337339525,-3.4795102940404825e-05,51,1,51,0,0,True,,,cost,resistance,D,0.010000000000000023,1,"{""source_reason"": ""avwap_D"", ""trigger_rule"": ""test"", ""zone_valid_from"": ""2025-07-17T00:00:00"", ""zone_valid_to"": ""2025-07-23T23:59:59.999999""}"
AMZN::20250717::resistance::1::probe::2025-07-21T00:00:00,AMZN,AMZN::20250717::resistance::1,AMZN::resistance::225.0150::2.2500::avwap_D::D,2025-07-21,probe,up,229.3000030517578,226.13787337339525,0.013983193664960768,52,2,52,1,1,False,1.0,3.0,cost,resistance,D,0.010000000000000023,1,"{""source_reason"": ""avwap_D"", ""trigger_rule"": ""probe"", ""zone_valid_from"": ""2025-07-17T00:00:00"", ""zone_valid_to"": ""2025-07-23T23:59:59.999999""}"
AMZN::20250717::resistance::1::breakout_up::2025-07-22T00:00:00,AMZN,AMZN::20250717::resistance::1,AMZN::resistance::225.0150::2.2500::avwap_D::D,2025-07-22,breakout_up,up,227.47000122070312,226.13787337339525,0.005890777283061671,53,3,53,2,1,False,1.0,1.0,cost,resistance,D,0.010000000000000023,1,"{""source_reason"": ""avwap_D"", ""trigger_rule"": ""breakout_up"", ""zone_valid_from"": ""2025-07-17T00:00:00"", ""zone_valid_to"": ""2025-07-23T23:59:59.999999""}"
AMZN::20250731::resistance::1::probe::2025-07-31T00:00:00,AMZN,AMZN::20250731::resistance::1,AMZN::resistance::231.8900::2.3200::avwap_D::D,2025-07-31,probe,up,234.11000061035156,233.04743244601113,0.0045594502080025835,60,0,60,0,0,True,,,cost,resistance,D,0.009999999999999976,1,"{""source_reason"": ""avwap_D"", ""trigger_rule"": ""probe"", ""zone_valid_from"": ""2025-07-31T00:00:00"", ""zone_valid_to"": ""2025-08-06T23:59:59.999999""}"
AMZN::20250731::support::3::probe::2025-08-01T00:00:00,AMZN,AMZN::20250731::support::3,"AMZN::support::226.2400::13.7975::avwap_D,vp_D,vp_W::D,W",2025-08-01,probe,down,214.75,219.34234139124553,-0.020936866827066785,61,1,61,0,0,True,,,composite,support,"D,W",0.06098830664202391,3,"{""source_reason"": ""avwap_D,vp_D,vp_W"", ""trigger_rule"": ""probe"", ""zone_valid_from"": ""2025-07-31T00:00:00"", ""zone_valid_to"": ""2025-08-06T23:59:59.999999""}"
AMZN::20250731::support::3::breakout_down::2025-08-04T00:00:00,AMZN,AMZN::20250731::support::3,"AMZN::support::226.2400::13.7975::avwap_D,vp_D,vp_W::D,W",2025-08-04,breakout_down,down,211.64999389648438,219.34234139124553,-0.03507005280407831,62,2,62,1,1,False,1.0,3.0,composite,support,"D,W",0.06098830664202391,3,"{""source_reason"": ""avwap_D,vp_D,vp_W"", ""trigger_rule"": ""breakout_down"", ""zone_valid_from"": ""2025-07-31T00:00:00"", ""zone_valid_to"": ""2025-08-06T23:59:59.999999""}"
AMZN::20250731::support::3::test::2025-08-06T00:00:00,AMZN,AMZN::20250731::support::3,"AMZN::support::226.2400::13.7975::avwap_D,vp_D,vp_W::D,W",2025-08-06,test,down,222.30999755859375,219.34234139124553,0.013529791596665569,64,4,64,3,1,False,1.0,1.0,composite,support,"D,W",0.06098830664202391,3,"{""source_reason"": ""avwap_D,vp_D,vp_W"", ""trigger_rule"": ""test"", ""zone_valid_from"": ""2025-07-31T00:00:00"", ""zone_valid_to"": ""2025-08-06T23:59:59.999999""}"
AMZN::20250814::resistance::1::probe::2025-08-14T00:00:00,AMZN,AMZN::20250814::resistance::1,AMZN::resistance::227.9000::2.8025::vp_D::D,2025-08-14,probe,up,230.97999572753906,229.2994907561938,0.007328864821300866,70,0,70,0,0,True,,,inventory,resistance,D,0.0122954304634023,1,"{""source_reason"": ""vp_D"", ""trigger_rule"": ""probe"", ""zone_valid_from"": ""2025-08-14T00:00:00"", ""zone_valid_to"": ""2025-08-20T23:59:59.999999""}"
AMZN::20250814::resistance::1::breakout_up::2025-08-15T00:00:00,AMZN,AMZN::20250814::resistance::1,AMZN::resistance::227.9000::2.8025::vp_D::D,2025-08-15,breakout_up,up,231.02999877929688,229.2994907561938,0.0075469335644668895,71,1,71,1,1,False,1.0,1.0,inventory,resistance,D,0.0122954304634023,1,"{""source_reason"": ""vp_D"", ""trigger_rule"": ""breakout_up"", ""zone_valid_from"": ""2025-08-14T00:00:00"", ""zone_valid_to"": ""2025-08-20T23:59:59.999999""}"
AMZN::20250814::resistance::2::test::2025-08-15T00:00:00,AMZN,AMZN::20250814::resistance::2,AMZN::resistance::231.8200::3.3650::vp_D::D,2025-08-15,test,up,231.02999877929688,233.5041080458959,-0.010595570618880598,71,1,71,0,0,True,,,inventory,resistance,D,0.014513163528925087,1,"{""source_reason"": ""vp_D"", ""trigger_rule"": ""test"", ""zone_valid_from"": ""2025-08-14T00:00:00"", ""zone_valid_to"": ""2025-08-20T23:59:59.999999""}"
AMZN::20250814::resistance::1::retest_up::2025-08-18T00:00:00,AMZN,AMZN::20250814::resistance::1,AMZN::resistance::227.9000::2.8025::vp_D::D,2025-08-18,retest_up,up,231.49000549316406,229.2994907561938,0.009553072838261862,72,2,72,2,2,False,,,inventory,resistance,D,0.0122954304634023,1,"{""source_reason"": ""vp_D"", ""trigger_rule"": ""retest_up"", ""zone_valid_from"": ""2025-08-14T00:00:00"", ""zone_valid_to"": ""2025-08-20T23:59:59.999999""}"
AMZN::20250814::resistance::1::failed_breakout_up::2025-08-19T00:00:00,AMZN,AMZN::20250814::resistance::1,AMZN::resistance::227.9000::2.8025::vp_D::D,2025-08-19,failed_breakout_up,up,228.00999450683594,229.2994907561938,-0.005623633288958893,73,3,73,2,2,False,,,inventory,resistance,D,0.0122954304634023,1,"{""source_reason"": ""vp_D"", ""trigger_rule"": ""failed_breakout_up"", ""zone_valid_from"": ""2025-08-14T00:00:00"", ""zone_valid_to"": ""2025-08-20T23:59:59.999999""}"
AMZN::20250814::resistance::1::test::2025-08-19T00:00:00,AMZN,AMZN::20250814::resistance::1,AMZN::resistance::227.9000::2.8025::vp_D::D,2025-08-19,test,up,228.00999450683594,229.2994907561938,-0.005623633288958893,73,3,73,3,1,False,1.0,1.0,inventory,resistance,D,0.0122954304634023,1,"{""source_reason"": ""vp_D"", ""trigger_rule"": ""test"", ""zone_valid_from"": ""2025-08-14T00:00:00"", ""zone_valid_to"": ""2025-08-20T23:59:59.999999""}"
AMZN::20250821::resistance::1::probe::2025-08-22T00:00:00,AMZN,AMZN::20250821::resistance::1,AMZN::resistance::225.1900::2.2525::avwap_D::D,2025-08-22,probe,up,228.83999633789062,226.31582602874494,0.011153308866809373,76,1,76,0,0,True,,,cost,resistance,D,0.009999999999999922,1,"{""source_reason"": ""avwap_D"", ""trigger_rule"": ""probe"", ""zone_valid_from"": ""2025-08-21T00:00:00"", ""zone_valid_to"": ""2025-08-27T23:59:59.999999""}"
AMZN::20250821::resistance::1::breakout_up::2025-08-25T00:00:00,AMZN,AMZN::20250821::resistance::1,AMZN::resistance::225.1900::2.2525::avwap_D::D,2025-08-25,breakout_up,up,227.94000244140625,226.31582602874494,0.007176592292114042,77,2,77,1,1,False,1.0,3.0,cost,resistance,D,0.009999999999999922,1,"{""source_reason"": ""avwap_D"", ""trigger_rule"": ""breakout_up"", ""zone_valid_from"": ""2025-08-21T00:00:00"", ""zone_valid_to"": ""2025-08-27T23:59:59.999999""}"
AMZN::20250821::resistance::1::retest_up::2025-08-26T00:00:00,AMZN,AMZN::20250821::resistance::1,AMZN::resistance::225.1900::2.2525::avwap_D::D,2025-08-26,retest_up,up,228.7100067138672,226.31582602874494,0.01057893620227054,78,3,78,2,2,False,,,cost,resistance,D,0.009999999999999922,1,"{""source_reason"": ""avwap_D"", ""trigger_rule"": ""retest_up"", ""zone_valid_from"": ""2025-08-21T00:00:00"", ""zone_valid_to"": ""2025-08-27T23:59:59.999999""}"
AMZN::20250912::support::4::test::2025-09-12T00:00:00,AMZN,AMZN::20250912::support::4,AMZN::support::227.9200::2.2800::avwap_D::D,2025-09-12,test,down,228.14999389648438,226.77875680309504,0.006046585283029584,90,0,90,0,0,True,,,cost,support,D,0.010000000000000026,1,"{""source_reason"": ""avwap_D"", ""trigger_rule"": ""test"", ""zone_valid_from"": ""2025-09-12T00:00:00"", ""zone_valid_to"": ""2025-09-18T23:59:59.999999""}"
AMZN::20250912::resistance::1::test::2025-09-16T00:00:00,AMZN,AMZN::20250912::resistance::1,"AMZN::resistance::230.2800::8.0175::avwap_D,vp_D,vp_W::D,W",2025-09-16,test,up,234.0500030517578,234.28681176026663,-0.001010764143016004,92,2,92,0,0,True,,,composite,resistance,"D,W",0.03481601279512127,3,"{""source_reason"": ""avwap_D,vp_D,vp_W"", ""trigger_rule"": ""test"", ""zone_valid_from"": ""2025-09-12T00:00:00"", ""zone_valid_to"": ""2025-09-18T23:59:59.999999""}"
AMZN::20250919::support::3::probe::2025-09-23T00:00:00,AMZN,AMZN::20250919::support::3,AMZN::support::226.0350::2.2600::avwap_D::D,2025-09-23,probe,down,220.7100067138672,224.90622382887145,-0.01865763002715795,97,2,97,0,0,True,,,cost,support,D,0.009999999999999967,1,"{""source_reason"": ""avwap_D"", ""trigger_rule"": ""probe"", ""zone_valid_from"": ""2025-09-19T00:00:00"", ""zone_valid_to"": ""2025-09-25T23:59:59.999999""}"
AMZN::20250919::support::4::probe::2025-09-23T00:00:00,AMZN,AMZN::20250919::support::4,AMZN::support::228.5000::2.2850::avwap_D::D,2025-09-23,probe,down,220.7100067138672,227.3563458354407,-0.029233136630301443,97,2,97,0,0,True,,,cost,support,D,0.010000000000000108,1,"{""source_reason"": ""avwap_D"", ""trigger_rule"": ""probe"", ""zone_valid_from"": ""2025-09-19T00:00:00"", ""zone_valid_to"": ""2025-09-25T23:59:59.999999""}"
AMZN::20250919::support::3::breakout_down::2025-09-24T00:00:00,AMZN,AMZN::20250919::support::3,AMZN::support::226.0350::2.2600::avwap_D::D,2025-09-24,breakout_down,down,220.2100067138672,224.90622382887145,-0.020880778819965234,98,3,98,1,1,False,1.0,1.0,cost,support,D,0.009999999999999967,1,"{""source_reason"": ""avwap_D"", ""trigger_rule"": ""breakout_down"", ""zone_valid_from"": ""2025-09-19T00:00:00"", ""zone_valid_to"": ""2025-09-25T23:59:59.999999""}"
AMZN::20250919::support::4::breakout_down::2025-09-24T00:00:00,AMZN,AMZN::20250919::support::4,AMZN::support::228.5000::2.2850::avwap_D::D,2025-09-24,breakout_down,down,220.2100067138672,227.3563458354407,-0.03143232750031084,98,3,98,1,1,False,1.0,1.0,cost,support,D,0.010000000000000108,1,"{""source_reason"": ""avwap_D"", ""trigger_rule"": ""breakout_down"", ""zone_valid_from"": ""2025-09-19T00:00:00"", ""zone_valid_to"": ""2025-09-25T23:59:59.999999""}"
AMZN::20250919::support::2::test::2025-09-25T00:00:00,AMZN,AMZN::20250919::support::2,"AMZN::support::220.9200::6.0850::avwap_D,vp_W::D,W",2025-09-25,test,down,218.14999389648438,217.8764833975511,0.0012553465829269798,99,4,99,0,0,True,,,composite,support,"D,W",0.027539897022408465,2,"{""source_reason"": ""avwap_D,vp_W"", ""trigger_rule"": ""test"", ""zone_valid_from"": ""2025-09-19T00:00:00"", ""zone_valid_to"": ""2025-09-25T23:59:59.999999""}"
AMZN::20251003::support::2::test::2025-10-06T00:00:00,AMZN,AMZN::20251003::support::2,"AMZN::support::220.7900::4.7575::avwap_D,vp_D,vp_W::D,W",2025-10-06,test,down,220.89999389648438,218.41375612221788,0.011383155614407703,106,1,106,0,0,True,,,composite,support,"D,W",0.021544731214927722,3,"{""source_reason"": ""avwap_D,vp_D,vp_W"", ""trigger_rule"": ""test"", ""zone_valid_from"": ""2025-10-03T00:00:00"", ""zone_valid_to"": ""2025-10-09T23:59:59.999999""}"
AMZN::20251010::support::2::probe::2025-10-10T00:00:00,AMZN,AMZN::20251010::support::2,"AMZN::support::220.8100::5.9675::avwap_D,vp_D,vp_W::D,W",2025-10-10,probe,down,216.3699951171875,217.82375380833943,-0.006674013580865372,110,0,110,0,0,True,,,composite,support,"D,W",0.027029726733150104,3,"{""source_reason"": ""avwap_D,vp_D,vp_W"", ""trigger_rule"": ""probe"", ""zone_valid_from"": ""2025-10-10T00:00:00"", ""zone_valid_to"": ""2025-10-16T23:59:59.999999""}"
AMZN::20251010::support::3::probe::2025-10-10T00:00:00,AMZN,AMZN::20251010::support::3,AMZN::support::225.7200::3.6125::avwap_D::D,2025-10-10,probe,down,216.3699951171875,223.91436023152096,-0.03369308295605875,110,0,110,0,0,True,,,cost,support,D,0.016000038586942298,1,"{""source_reason"": ""avwap_D"", ""trigger_rule"": ""probe"", ""zone_valid_from"": ""2025-10-10T00:00:00"", ""zone_valid_to"": ""2025-10-16T23:59:59.999999""}"
AMZN::20251010::support::2::test::2025-10-13T00:00:00,AMZN,AMZN::20251010::support::2,"AMZN::support::220.8100::5.9675::avwap_D,vp_D,vp_W::D,W",2025-10-13,test,down,220.07000732421875,217.82375380833943,0.01031225234441497,111,1,111,1,1,False,1.0,3.0,composite,support,"D,W",0.027029726733150104,3,"{""source_reason"": ""avwap_D,vp_D,vp_W"", ""trigger_rule"": ""test"", ""zone_valid_from"": ""2025-10-10T00:00:00"", ""zone_valid_to"": ""2025-10-16T23:59:59.999999""}"
AMZN::20251010::support::3::breakout_down::2025-10-13T00:00:00,AMZN,AMZN::20251010::support::3,AMZN::support::225.7200::3.6125::avwap_D::D,2025-10-13,breakout_down,down,220.07000732421875,223.91436023152096,-0.017168853767696095,111,1,111,1,1,False,1.0,3.0,cost,support,D,0.016000038586942298,1,"{""source_reason"": ""avwap_D"", ""trigger_rule"": ""breakout_down"", ""zone_valid_from"": ""2025-10-10T00:00:00"", ""zone_valid_to"": ""2025-10-16T23:59:59.999999""}"
AMZN::20251010::support::2::breakout_down::2025-10-15T00:00:00,AMZN,AMZN::20251010::support::2,"AMZN::support::220.8100::5.9675::avwap_D,vp_D,vp_W::D,W",2025-10-15,breakout_down,down,215.57000732421875,217.82375380833943,-0.010346651569064997,113,3,113,3,1,False,1.0,1.0,composite,support,"D,W",0.027029726733150104,3,"{""source_reason"": ""avwap_D,vp_D,vp_W"", ""trigger_rule"": ""breakout_down"", ""zone_valid_from"": ""2025-10-10T00:00:00"", ""zone_valid_to"": ""2025-10-16T23:59:59.999999""}"
AMZN::20251010::support::2::probe::2025-10-16T00:00:00,AMZN,AMZN::20251010::support::2,"AMZN::support::220.8100::5.9675::avwap_D,vp_D,vp_W::D,W",2025-10-16,probe,down,214.47000122070312,217.82375380833943,-0.015396633879458506,114,4,114,4,1,False,1.0,1.0,composite,support,"D,W",0.027029726733150104,3,"{""source_reason"": ""avwap_D,vp_D,vp_W"", ""trigger_rule"": ""probe"", ""zone_valid_from"": ""2025-10-10T00:00:00"", ""zone_valid_to"": ""2025-10-16T23:59:59.999999""}"
AMZN::20251010::support::2::retest_down::2025-10-16T00:00:00,AMZN,AMZN::20251010::support::2,"AMZN::support::220.8100::5.9675::avwap_D,vp_D,vp_W::D,W",2025-10-16,retest_down,down,214.47000122070312,217.82375380833943,-0.015396633879458506,114,4,114,4,2,False,,,composite,support,"D,W",0.027029726733150104,3,"{""source_reason"": ""avwap_D,vp_D,vp_W"", ""trigger_rule"": ""retest_down"", ""zone_valid_from"": ""2025-10-10T00:00:00"", ""zone_valid_to"": ""2025-10-16T23:59:59.999999""}"
AMZN::20251010::support::3::probe::2025-10-16T00:00:00,AMZN,AMZN::20251010::support::3,AMZN::support::225.7200::3.6125::avwap_D::D,2025-10-16,probe,down,214.47000122070312,223.91436023152096,-0.042178442691449713,114,4,114,4,1,False,1.0,1.0,cost,support,D,0.016000038586942298,1,"{""source_reason"": ""avwap_D"", ""trigger_rule"": ""probe"", ""zone_valid_from"": ""2025-10-10T00:00:00"", ""zone_valid_to"": ""2025-10-16T23:59:59.999999""}"
AMZN::20251024::resistance::1::probe::2025-10-27T00:00:00,AMZN,AMZN::20251024::resistance::1,AMZN::resistance::224.0000::3.5950::avwap_D::D,2025-10-27,probe,up,226.97000122070312,225.79652565543523,0.005197048811364851,121,1,121,0,0,True,,,cost,resistance,D,0.01605051750980717,1,"{""source_reason"": ""avwap_D"", ""trigger_rule"": ""probe"", ""zone_valid_from"": ""2025-10-24T00:00:00"", ""zone_valid_to"": ""2025-10-30T23:59:59.999999""}"
AMZN::20251024::resistance::1::breakout_up::2025-10-28T00:00:00,AMZN,AMZN::20251024::resistance::1,AMZN::resistance::224.0000::3.5950::avwap_D::D,2025-10-28,breakout_up,up,229.25,225.79652565543523,0.015294630130114395,122,2,122,1,1,False,1.0,1.0,cost,resistance,D,0.01605051750980717,1,"{""source_reason"": ""avwap_D"", ""trigger_rule"": ""breakout_up"", ""zone_valid_from"": ""2025-10-24T00:00:00"", ""zone_valid_to"": ""2025-10-30T23:59:59.999999""}"
AMZN::20251024::resistance::1::failed_breakout_up::2025-10-30T00:00:00,AMZN,AMZN::20251024::resistance::1,AMZN::resistance::224.0000::3.5950::avwap_D::D,2025-10-30,failed_breakout_up,up,222.86000061035156,225.79652565543523,-0.013005182593308798,124,4,124,2,2,False,,,cost,resistance,D,0.01605051750980717,1,"{""source_reason"": ""avwap_D"", ""trigger_rule"": ""failed_breakout_up"", ""zone_valid_from"": ""2025-10-24T00:00:00"", ""zone_valid_to"": ""2025-10-30T23:59:59.999999""}"
AMZN::20251024::resistance::1::test::2025-10-30T00:00:00,AMZN,AMZN::20251024::resistance::1,AMZN::resistance::224.0000::3.5950::avwap_D::D,2025-10-30,test,up,222.86000061035156,225.79652565543523,-0.013005182593308798,124,4,124,3,1,False,1.0,1.0,cost,resistance,D,0.01605051750980717,1,"{""source_reason"": ""avwap_D"", ""trigger_rule"": ""test"", ""zone_valid_from"": ""2025-10-24T00:00:00"", ""zone_valid_to"": ""2025-10-30T23:59:59.999999""}"
AMZN::20251031::resistance::1::probe::2025-10-31T00:00:00,AMZN,AMZN::20251031::resistance::1,"AMZN::resistance::224.9850::13.8050::avwap_D,vp_D,vp_W::D,W",2025-10-31,probe,up,244.22000122070312,231.886618569692,0.05318712535930321,125,0,125,0,0,True,,,composite,resistance,"D,W",0.061362298502067675,3,"{""source_reason"": ""avwap_D,vp_D,vp_W"", ""trigger_rule"": ""probe"", ""zone_valid_from"": ""2025-10-31T00:00:00"", ""zone_valid_to"": ""2025-11-06T23:59:59.999999""}"
AMZN::20251031::resistance::1::breakout_up::2025-11-03T00:00:00,AMZN,AMZN::20251031::resistance::1,"AMZN::resistance::224.9850::13.8050::avwap_D,vp_D,vp_W::D,W",2025-11-03,breakout_up,up,254.0,231.886618569692,0.09536290436553146,126,1,126,1,1,False,1.0,3.0,composite,resistance,"D,W",0.061362298502067675,3,"{""source_reason"": ""avwap_D,vp_D,vp_W"", ""trigger_rule"": ""breakout_up"", ""zone_valid_from"": ""2025-10-31T00:00:00"", ""zone_valid_to"": ""2025-11-06T23:59:59.999999""}"
AMZN::20251031::resistance::1::probe::2025-11-06T00:00:00,AMZN,AMZN::20251031::resistance::1,"AMZN::resistance::224.9850::13.8050::avwap_D,vp_D,vp_W::D,W",2025-11-06,probe,up,243.0399932861328,231.886618569692,0.0480983973341642,129,4,129,4,1,False,1.0,1.0,composite,resistance,"D,W",0.061362298502067675,3,"{""source_reason"": ""avwap_D,vp_D,vp_W"", ""trigger_rule"": ""probe"", ""zone_valid_from"": ""2025-10-31T00:00:00"", ""zone_valid_to"": ""2025-11-06T23:59:59.999999""}"
AMZN::20251121::resistance::1::probe::2025-11-28T00:00:00,AMZN,AMZN::20251121::resistance::1,"AMZN::resistance::223.8450::15.9600::avwap_D,vp_D,vp_W::D,W",2025-11-28,probe,up,233.22000122070312,231.82718384981155,0.006007998491643283,144,4,144,0,0,True,,,composite,resistance,"D,W",0.07130137739509643,3,"{""source_reason"": ""avwap_D,vp_D,vp_W"", ""trigger_rule"": ""probe"", ""zone_valid_from"": ""2025-11-21T00:00:00"", ""zone_valid_to"": ""2025-11-30T23:59:59.999999""}"
JPM::20250702::support::2::probe::2025-07-08T00:00:00,JPM,JPM::20250702::support::2,"JPM::support::288.6500::6.2175::avwap_D,vp_D::D",2025-07-08,probe,down,282.7799987792969,285.54003832976025,-0.009666033410263473,43,3,43,0,0,True,,,composite,support,D,0.021542038399052763,2,"{""source_reason"": ""avwap_D,vp_D"", ""trigger_rule"": ""probe"", ""zone_valid_from"": ""2025-07-02T00:00:00"", ""zone_valid_to"": ""2025-07-09T23:59:59.999999""}"
JPM::20250702::support::2::breakout_down::2025-07-09T00:00:00,JPM,JPM::20250702::support::2,"JPM::support::288.6500::6.2175::avwap_D,vp_D::D",2025-07-09,breakout_down,down,283.1600036621094,285.54003832976025,-0.00833520469343867,44,4,44,1,1,False,1.0,1.0,composite,support,D,0.021542038399052763,2,"{""source_reason"": ""avwap_D,vp_D"", ""trigger_rule"": ""breakout_down"", ""zone_valid_from"": ""2025-07-02T00:00:00"", ""zone_valid_to"": ""2025-07-09T23:59:59.999999""}"
JPM::20250717::resistance::1::test::2025-07-21T00:00:00,JPM,JPM::20250717::resistance::1,"JPM::resistance::288.1600::10.4450::avwap_D,vp_D,vp_W::D,W",2025-07-21,test,up,290.9700012207031,293.3822492345174,-0.008222201650264268,52,2,52,0,0,True,,,composite,resistance,"D,W",0.03624860575403633,3,"{""source_reason"": ""avwap_D,vp_D,vp_W"", ""trigger_rule"": ""test"", ""zone_valid_from"": ""2025-07-17T00:00:00"", ""zone_valid_to"": ""2025-07-23T23:59:59.999999""}"
JPM::20250717::resistance::1::probe::2025-07-23T00:00:00,JPM,JPM::20250717::resistance::1,"JPM::resistance::288.1600::10.4450::avwap_D,vp_D,vp_W::D,W",2025-07-23,probe,up,296.760009765625,293.3822492345174,0.011513172797334251,54,4,54,2,1,False,1.0,1.0,composite,resistance,"D,W",0.03624860575403633,3,"{""source_reason"": ""avwap_D,vp_D,vp_W"", ""trigger_rule"": ""probe"", ""zone_valid_from"": ""2025-07-17T00:00:00"", ""zone_valid_to"": ""2025-07-23T23:59:59.999999""}"
JPM::20250731::support::3::test::2025-07-31T00:00:00,JPM,JPM::20250731::support::3,"JPM::support::298.0350::4.3300::avwap_D,vp_D::D",2025-07-31,test,down,296.239990234375,295.8686884212494,0.0012549547405874102,60,0,60,0,0,True,,,composite,support,D,0.014530179730384668,2,"{""source_reason"": ""avwap_D,vp_D"", ""trigger_rule"": ""test"", ""zone_valid_from"": ""2025-07-31T00:00:00"", ""zone_valid_to"": ""2025-08-06T23:59:59.999999""}"
JPM::20250731::support::3::probe::2025-08-01T00:00:00,JPM,JPM::20250731::support::3,"JPM::support::298.0350::4.3300::avwap_D,vp_D::D",2025-08-01,probe,down,289.3699951171875,295.8686884212494,-0.02196478897019755,61,1,61,1,1,False,1.0,1.0,composite,support,D,0.014530179730384668,2,"{""source_reason"": ""avwap_D,vp_D"", ""trigger_rule"": ""probe"", ""zone_valid_from"": ""2025-07-31T00:00:00"", ""zone_valid_to"": ""2025-08-06T23:59:59.999999""}"
JPM::20250731::support::3::breakout_down::2025-08-04T00:00:00,JPM,JPM::20250731::support::3,"JPM::support::298.0350::4.3300::avwap_D,vp_D::D",2025-08-04,breakout_down,down,294.260009765625,295.8686884212494,-0.0054371372118092575,62,2,62,2,1,False,1.0,3.0,composite,support,D,0.014530179730384668,2,"{""source_reason"": ""avwap_D,vp_D"", ""trigger_rule"": ""breakout_down"", ""zone_valid_from"": ""2025-07-31T00:00:00"", ""zone_valid_to"": ""2025-08-06T23:59:59.999999""}"
JPM::20250731::support::3::retest_down::2025-08-05T00:00:00,JPM,JPM::20250731::support::3,"JPM::support::298.0350::4.3300::avwap_D,vp_D::D",2025-08-05,retest_down,down,291.3699951171875,295.8686884212494,-0.015205033449354949,63,3,63,3,2,False,,,composite,support,D,0.014530179730384668,2,"{""source_reason"": ""avwap_D,vp_D"", ""trigger_rule"": ""retest_down"", ""zone_valid_from"": ""2025-07-31T00:00:00"", ""zone_valid_to"": ""2025-08-06T23:59:59.999999""}"
JPM::20250814::resistance::1::test::2025-08-15T00:00:00,JPM,JPM::20250814::resistance::1,"JPM::resistance::291.2500::7.3750::avwap_D,vp_D::D",2025-08-15,test,up,290.489990234375,294.9386182975769,-0.015083233551713078,71,1,71,0,0,True,,,composite,resistance,D,0.025324501044412414,2,"{""source_reason"": ""avwap_D,vp_D"", ""trigger_rule"": ""test"", ""zone_valid_from"": ""2025-08-14T00:00:00"", ""zone_valid_to"": ""2025-08-20T23:59:59.999999""}"
JPM::20250821::resistance::1::probe::2025-08-22T00:00:00,JPM,JPM::20250821::resistance::1,JPM::resistance::292.5850::3.1800::avwap_D::D,2025-08-22,probe,up,296.239990234375,294.1744225779818,0.007021574609688144,76,1,76,0,0,True,,,cost,resistance,D,0.010866087547670837,1,"{""source_reason"": ""avwap_D"", ""trigger_rule"": ""probe"", ""zone_valid_from"": ""2025-08-21T00:00:00"", ""zone_valid_to"": ""2025-08-27T23:59:59.999999""}"
JPM::20250821::resistance::1::breakout_up::2025-08-25T00:00:00,JPM,JPM::20250821::resistance::1,JPM::resistance::292.5850::3.1800::avwap_D::D,2025-08-25,breakout_up,up,294.8999938964844,294.1744225779818,0.0024664663642205774,77,2,77,1,1,False,1.0,3.0,cost,resistance,D,0.010866087547670837,1,"{""source_reason"": ""avwap_D"", ""trigger_rule"": ""breakout_up"", ""zone_valid_from"": ""2025-08-21T00:00:00"", ""zone_valid_to"": ""2025-08-27T23:59:59.999999""}"
JPM::20250821::resistance::1::retest_up::2025-08-26T00:00:00,JPM,JPM::20250821::resistance::1,JPM::resistance::292.5850::3.1800::avwap_D::D,2025-08-26,retest_up,up,298.57000732421875,294.1744225779818,0.014942103761831183,78,3,78,2,2,False,,,cost,resistance,D,0.010866087547670837,1,"{""source_reason"": ""avwap_D"", ""trigger_rule"": ""retest_up"", ""zone_valid_from"": ""2025-08-21T00:00:00"", ""zone_valid_to"": ""2025-08-27T23:59:59.999999""}"
JPM::20250821::resistance::2::test::2025-08-27T00:00:00,JPM,JPM::20250821::resistance::2,JPM::resistance::297.9200::4.0450::vp_D::D,2025-08-27,test,up,299.2799987792969,299.9400982952118,-0.00220077115286271,79,4,79,0,0,True,,,inventory,resistance,D,0.013578062596634483,1,"{""source_reason"": ""vp_D"", ""trigger_rule"": ""test"", ""zone_valid_from"": ""2025-08-21T00:00:00"", ""zone_valid_to"": ""2025-08-27T23:59:59.999999""}"
JPM::20250926::resistance::1::probe::2025-09-26T00:00:00,JPM,JPM::20250926::resistance::1,JPM::resistance::313.7650::3.1375::avwap_D::D,2025-09-26,probe,up,316.05999755859375,315.3325130040848,0.002307039472645665,100,0,100,0,0,True,,,cost,resistance,D,0.010000000000000026,1,"{""source_reason"": ""avwap_D"", ""trigger_rule"": ""probe"", ""zone_valid_from"": ""2025-09-26T00:00:00"", ""zone_valid_to"": ""2025-10-02T23:59:59.999999""}"
JPM::20250926::resistance::1::test::2025-09-30T00:00:00,JPM,JPM::20250926::resistance::1,JPM::resistance::313.7650::3.1375::avwap_D::D,2025-09-30,test,up,315.42999267578125,315.3325130040848,0.00030913295545649414,102,2,102,2,1,False,1.0,1.0,cost,resistance,D,0.010000000000000026,1,"{""source_reason"": ""avwap_D"", ""trigger_rule"": ""test"", ""zone_valid_from"": ""2025-09-26T00:00:00"", ""zone_valid_to"": ""2025-10-02T23:59:59.999999""}"
JPM::20251010::support::3::test::2025-10-14T00:00:00,JPM,JPM::20251010::support::3,JPM::support::301.2700::4.3750::avwap_D::D,2025-10-14,test,down,302.0799865722656,299.0815356880374,0.010025529918890877,112,2,112,0,0,True,,,cost,support,D,0.014519444781051266,1,"{""source_reason"": ""avwap_D"", ""trigger_rule"": ""test"", ""zone_valid_from"": ""2025-10-10T00:00:00"", ""zone_valid_to"": ""2025-10-16T23:59:59.999999""}"
JPM::20251010::support::3::probe::2025-10-16T00:00:00,JPM,JPM::20251010::support::3,JPM::support::301.2700::4.3750::avwap_D::D,2025-10-16,probe,down,298.5400085449219,299.0815356880374,-0.0018106338188672137,114,4,114,1,1,False,2.0,2.0,cost,support,D,0.014519444781051266,1,"{""source_reason"": ""avwap_D"", ""trigger_rule"": ""probe"", ""zone_valid_from"": ""2025-10-10T00:00:00"", ""zone_valid_to"": ""2025-10-16T23:59:59.999999""}"
JPM::20251017::resistance::1::test::2025-10-21T00:00:00,JPM,JPM::20251017::resistance::1,JPM::resistance::301.6050::4.2800::avwap_D::D,2025-10-21,test,up,297.0899963378906,303.74330708572495,-0.021904386344080245,117,2,117,0,0,True,,,cost,resistance,D,0.014190487974368714,1,"{""source_reason"": ""avwap_D"", ""trigger_rule"": ""test"", ""zone_valid_from"": ""2025-10-17T00:00:00"", ""zone_valid_to"": ""2025-10-23T23:59:59.999999""}"
JPM::20251024::resistance::1::probe::2025-10-27T00:00:00,JPM,JPM::20251024::resistance::1,JPM::resistance::301.2900::4.1300::avwap_D::D,2025-10-27,probe,up,304.1499938964844,303.3541724375917,0.0026234069981561537,121,1,121,0,0,True,,,cost,resistance,D,0.01370966168116911,1,"{""source_reason"": ""avwap_D"", ""trigger_rule"": ""probe"", ""zone_valid_from"": ""2025-10-24T00:00:00"", ""zone_valid_to"": ""2025-10-30T23:59:59.999999""}"
JPM::20251024::resistance::1::breakout_up::2025-10-28T00:00:00,JPM,JPM::20251024::resistance::1,JPM::resistance::301.2900::4.1300::avwap_D::D,2025-10-28,breakout_up,up,305.3599853515625,303.3541724375917,0.0066121157914299745,122,2,122,1,1,False,1.0,1.0,cost,resistance,D,0.01370966168116911,1,"{""source_reason"": ""avwap_D"", ""trigger_rule"": ""breakout_up"", ""zone_valid_from"": ""2025-10-24T00:00:00"", ""zone_valid_to"": ""2025-10-30T23:59:59.999999""}"
JPM::20251024::resistance::1::retest_up::2025-10-29T00:00:00,JPM,JPM::20251024::resistance::1,JPM::resistance::301.2900::4.1300::avwap_D::D,2025-10-29,retest_up,up,305.510009765625,303.3541724375917,0.007106667795963105,123,3,123,2,2,False,,,cost,resistance,D,0.01370966168116911,1,"{""source_reason"": ""avwap_D"", ""trigger_rule"": ""retest_up"", ""zone_valid_from"": ""2025-10-24T00:00:00"", ""zone_valid_to"": ""2025-10-30T23:59:59.999999""}"
JPM::20251121::support::2::test::2025-11-21T00:00:00,JPM,JPM::20251121::support::2,JPM::support::294.7200::2.9475::avwap_D::D,2025-11-21,test,down,298.0199890136719,293.2479966397274,0.016272889938297435,140,0,140,0,0,True,,,cost,support,D,0.00999999999999987,1,"{""source_reason"": ""avwap_D"", ""trigger_rule"": ""test"", ""zone_valid_from"": ""2025-11-21T00:00:00"", ""zone_valid_to"": ""2025-11-30T23:59:59.999999""}"
MSFT::20250702::resistance::1::probe::2025-07-09T00:00:00,MSFT,MSFT::20250702::resistance::1,"MSFT::resistance::497.0200::7.4650::avwap_D,vp_D::D",2025-07-09,probe,up,503.510009765625,500.7514954328537,0.005508749066014931,44,4,44,0,0,True,,,composite,resistance,D,0.01501713077898694,2,"{""source_reason"": ""avwap_D,vp_D"", ""trigger_rule"": ""probe"", ""zone_valid_from"": ""2025-07-02T00:00:00"", ""zone_valid_to"": ""2025-07-09T23:59:59.999999""}"
MSFT::20250724::resistance::1::test::2025-07-24T00:00:00,MSFT,MSFT::20250724::resistance::1,"MSFT::resistance::509.4800::7.8550::avwap_D,vp_D::D",2025-07-24,test,up,510.8800048828125,513.4086810302734,-0.004925269557940796,55,0,55,0,0,True,,,composite,resistance,D,0.01541809892191899,2,"{""source_reason"": ""avwap_D,vp_D"", ""trigger_rule"": ""test"", ""zone_valid_from"": ""2025-07-24T00:00:00"", ""zone_valid_to"": ""2025-07-30T23:59:59.999999""}"
MSFT::20250724::resistance::1::test::2025-07-30T00:00:00,MSFT,MSFT::20250724::resistance::1,"MSFT::resistance::509.4800::7.8550::avwap_D,vp_D::D",2025-07-30,test,up,513.239990234375,513.4086810302734,-0.0003285702056301909,59,4,59,4,1,False,1.0,1.0,composite,resistance,D,0.01541809892191899,2,"{""source_reason"": ""avwap_D,vp_D"", ""trigger_rule"": ""test"", ""zone_valid_from"": ""2025-07-24T00:00:00"", ""zone_valid_to"": ""2025-07-30T23:59:59.999999""}"
MSFT::20250731::resistance::1::probe::2025-07-31T00:00:00,MSFT,MSFT::20250731::resistance::1,MSFT::resistance::513.3500::5.1325::avwap_D::D,2025-07-31,probe,up,533.5,515.9165268129879,0.034082011862717275,60,0,60,0,0,True,,,cost,resistance,D,0.010000000000000023,1,"{""source_reason"": ""avwap_D"", ""trigger_rule"": ""probe"", ""zone_valid_from"": ""2025-07-31T00:00:00"", ""zone_valid_to"": ""2025-08-06T23:59:59.999999""}"
MSFT::20250731::resistance::1::breakout_up::2025-08-01T00:00:00,MSFT,MSFT::20250731::resistance::1,MSFT::resistance::513.3500::5.1325::avwap_D::D,2025-08-01,breakout_up,up,524.1099853515625,515.9165268129879,0.015881364741673905,61,1,61,1,1,False,1.0,1.0,cost,resistance,D,0.010000000000000023,1,"{""source_reason"": ""avwap_D"", ""trigger_rule"": ""breakout_up"", ""zone_valid_from"": ""2025-07-31T00:00:00"", ""zone_valid_to"": ""2025-08-06T23:59:59.999999""}"
MSFT::20250731::resistance::1::probe::2025-08-06T00:00:00,MSFT,MSFT::20250731::resistance::1,MSFT::resistance::513.3500::5.1325::avwap_D::D,2025-08-06,probe,up,524.9400024414062,515.9165268129879,0.017490185251788363,64,4,64,4,1,False,1.0,1.0,cost,resistance,D,0.010000000000000023,1,"{""source_reason"": ""avwap_D"", ""trigger_rule"": ""probe"", ""zone_valid_from"": ""2025-07-31T00:00:00"", ""zone_valid_to"": ""2025-08-06T23:59:59.999999""}"
MSFT::20250828::support::5::test::2025-09-02T00:00:00,MSFT,MSFT::20250828::support::5,MSFT::support::506.2200::8.6200::vp_D::D,2025-09-02,test,down,505.1199951171875,501.910156844457,0.006395244704572184,82,2,82,0,0,True,,,inventory,support,D,0.01703003770660477,1,"{""source_reason"": ""vp_D"", ""trigger_rule"": ""test"", ""zone_valid_from"": ""2025-08-28T00:00:00"", ""zone_valid_to"": ""2025-09-04T23:59:59.999999""}"
MSFT::20250905::support::3::test::2025-09-05T00:00:00,MSFT,MSFT::20250905::support::3,MSFT::support::497.3700::4.9725::avwap_D::D,2025-09-05,test,down,495.0,494.8855443251363,0.00023127706229479354,85,0,85,0,0,True,,,cost,support,D,0.009999999999999967,1,"{""source_reason"": ""avwap_D"", ""trigger_rule"": ""test"", ""zone_valid_from"": ""2025-09-05T00:00:00"", ""zone_valid_to"": ""2025-09-11T23:59:59.999999""}"
MSFT::20250905::support::4::probe::2025-09-05T00:00:00,MSFT,MSFT::20250905::support::4,"MSFT::support::506.1550::10.2950::avwap_D,vp_D::D",2025-09-05,probe,down,495.0,501.00859352747597,-0.011992994940807232,85,0,85,0,0,True,,,composite,support,D,0.020340600117488103,2,"{""source_reason"": ""avwap_D,vp_D"", ""trigger_rule"": ""probe"", ""zone_valid_from"": ""2025-09-05T00:00:00"", ""zone_valid_to"": ""2025-09-11T23:59:59.999999""}"
MSFT::20250905::support::4::breakout_down::2025-09-08T00:00:00,MSFT,MSFT::20250905::support::4,"MSFT::support::506.1550::10.2950::avwap_D,vp_D::D",2025-09-08,breakout_down,down,498.20001220703125,501.00859352747597,-0.005605854583591469,86,1,86,1,1,False,1.0,3.0,composite,support,D,0.020340600117488103,2,"{""source_reason"": ""avwap_D,vp_D"", ""trigger_rule"": ""breakout_down"", ""zone_valid_from"": ""2025-09-05T00:00:00"", ""zone_valid_to"": ""2025-09-11T23:59:59.999999""}"
MSFT::20250905::support::4::retest_down::2025-09-09T00:00:00,MSFT,MSFT::20250905::support::4,"MSFT::support::506.1550::10.2950::avwap_D,vp_D::D",2025-09-09,retest_down,down,498.4100036621094,501.00859352747597,-0.005186717152036398,87,2,87,2,2,False,,,composite,support,D,0.020340600117488103,2,"{""source_reason"": ""avwap_D,vp_D"", ""trigger_rule"": ""retest_down"", ""zone_valid_from"": ""2025-09-05T00:00:00"", ""zone_valid_to"": ""2025-09-11T23:59:59.999999""}"
MSFT::20250905::support::4::test::2025-09-11T00:00:00,MSFT,MSFT::20250905::support::4,"MSFT::support::506.1550::10.2950::avwap_D,vp_D::D",2025-09-11,test,down,501.010009765625,501.00859352747597,2.8267741658128268e-06,89,4,89,4,1,False,1.0,1.0,composite,support,D,0.020340600117488103,2,"{""source_reason"": ""avwap_D,vp_D"", ""trigger_rule"": ""test"", ""zone_valid_from"": ""2025-09-05T00:00:00"", ""zone_valid_to"": ""2025-09-11T23:59:59.999999""}"
MSFT::20250926::resistance::1::test::2025-09-29T00:00:00,MSFT,MSFT::20250926::resistance::1,"MSFT::resistance::508.1050::17.4300::avwap_D,vp_D,vp_W::D,W",2025-09-29,test,up,514.5999755859375,516.8193147776094,-0.004294226489245863,101,1,101,0,0,True,,,composite,resistance,"D,W",0.03430258212936423,3,"{""source_reason"": ""avwap_D,vp_D,vp_W"", ""trigger_rule"": ""test"", ""zone_valid_from"": ""2025-09-26T00:00:00"", ""zone_valid_to"": ""2025-10-02T23:59:59.999999""}"
MSFT::20250926::resistance::1::probe::2025-09-30T00:00:00,MSFT,MSFT::20250926::resistance::1,"MSFT::resistance::508.1050::17.4300::avwap_D,vp_D,vp_W::D,W",2025-09-30,probe,up,517.9500122070312,516.8193147776094,0.0021878002564753017,102,2,102,1,1,False,1.0,1.0,composite,resistance,"D,W",0.03430258212936423,3,"{""source_reason"": ""avwap_D,vp_D,vp_W"", ""trigger_rule"": ""probe"", ""zone_valid_from"": ""2025-09-26T00:00:00"", ""zone_valid_to"": ""2025-10-02T23:59:59.999999""}"
MSFT::20250926::resistance::1::breakout_up::2025-10-01T00:00:00,MSFT,MSFT::20250926::resistance::1,"MSFT::resistance::508.1050::17.4300::avwap_D,vp_D,vp_W::D,W",2025-10-01,breakout_up,up,519.7100219726562,516.8193147776094,0.0055932646330966425,103,3,103,2,1,False,1.0,1.0,composite,resistance,"D,W",0.03430258212936423,3,"{""source_reason"": ""avwap_D,vp_D,vp_W"", ""trigger_rule"": ""breakout_up"", ""zone_valid_from"": ""2025-09-26T00:00:00"", ""zone_valid_to"": ""2025-10-02T23:59:59.999999""}"
MSFT::20251017::support::3::test::2025-10-17T00:00:00,MSFT,MSFT::20251017::support::3,MSFT::support::511.4150::5.1150::avwap_D::D,2025-10-17,test,down,513.5800170898438,508.8556292350959,0.009284338392501432,115,0,115,0,0,True,,,cost,support,D,0.010000000000000085,1,"{""source_reason"": ""avwap_D"", ""trigger_rule"": ""test"", ""zone_valid_from"": ""2025-10-17T00:00:00"", ""zone_valid_to"": ""2025-10-23T23:59:59.999999""}"
MSFT::20251017::resistance::1::test::2025-10-22T00:00:00,MSFT,MSFT::20251017::resistance::1,"MSFT::resistance::512.5900::16.5675::avwap_D,vp_D,vp_W::D,W",2025-10-22,test,up,520.5399780273438,520.8756408172039,-0.0006444202100400727,118,3,118,0,0,True,,,composite,resistance,"D,W",0.032319315285936,3,"{""source_reason"": ""avwap_D,vp_D,vp_W"", ""trigger_rule"": ""test"", ""zone_valid_from"": ""2025-10-17T00:00:00"", ""zone_valid_to"": ""2025-10-23T23:59:59.999999""}"
MSFT::20251031::support::1::test::2025-11-06T00:00:00,MSFT,MSFT::20251031::support::1,MSFT::support::500.0050::5.0000::avwap_D::D,2025-11-06,test,down,497.1000061035156,497.5069458409915,-0.000817957901648904,129,4,129,0,0,True,,,cost,support,D,0.01000000000000005,1,"{""source_reason"": ""avwap_D"", ""trigger_rule"": ""test"", ""zone_valid_from"": ""2025-10-31T00:00:00"", ""zone_valid_to"": ""2025-11-06T23:59:59.999999""}"
MSFT::20251031::support::2::probe::2025-11-06T00:00:00,MSFT,MSFT::20251031::support::2,"MSFT::support::516.5800::23.8025::avwap_D,vp_D,vp_W::D,W",2025-11-06,probe,down,497.1000061035156,504.6779961109161,-0.015015495158887492,129,4,129,0,0,True,,,composite,support,"D,W",0.04607702107252074,3,"{""source_reason"": ""avwap_D,vp_D,vp_W"", ""trigger_rule"": ""probe"", ""zone_valid_from"": ""2025-10-31T00:00:00"", ""zone_valid_to"": ""2025-11-06T23:59:59.999999""}"
MSFT::20251107::resistance::1::probe::2025-11-10T00:00:00,MSFT,MSFT::20251107::resistance::1,MSFT::resistance::501.8000::5.0175::avwap_D::D,2025-11-10,probe,up,506.0,504.30767804599503,0.0033557330726394774,131,1,131,0,0,True,,,cost,resistance,D,0.010000000000000061,1,"{""source_reason"": ""avwap_D"", ""trigger_rule"": ""probe"", ""zone_valid_from"": ""2025-11-07T00:00:00"", ""zone_valid_to"": ""2025-11-13T23:59:59.999999""}"
MSFT::20251107::resistance::1::breakout_up::2025-11-11T00:00:00,MSFT,MSFT::20251107::resistance::1,MSFT::resistance::501.8000::5.0175::avwap_D::D,2025-11-11,breakout_up,up,508.67999267578125,504.30767804599503,0.008669934684967146,132,2,132,1,1,False,1.0,1.0,cost,resistance,D,0.010000000000000061,1,"{""source_reason"": ""avwap_D"", ""trigger_rule"": ""breakout_up"", ""zone_valid_from"": ""2025-11-07T00:00:00"", ""zone_valid_to"": ""2025-11-13T23:59:59.999999""}"
MSFT::20251107::resistance::1::retest_up::2025-11-12T00:00:00,MSFT,MSFT::20251107::resistance::1,MSFT::resistance::501.8000::5.0175::avwap_D::D,2025-11-12,retest_up,up,511.1400146484375,504.30767804599503,0.01354795276747567,133,3,133,2,2,False,,,cost,resistance,D,0.010000000000000061,1,"{""source_reason"": ""avwap_D"", ""trigger_rule"": ""retest_up"", ""zone_valid_from"": ""2025-11-07T00:00:00"", ""zone_valid_to"": ""2025-11-13T23:59:59.999999""}"
MSFT::20251107::resistance::1::test::2025-11-13T00:00:00,MSFT,MSFT::20251107::resistance::1,MSFT::resistance::501.8000::5.0175::avwap_D::D,2025-11-13,test,up,503.2900085449219,504.30767804599503,-0.0020179536131915525,134,4,134,3,1,False,1.0,1.0,cost,resistance,D,0.010000000000000061,1,"{""source_reason"": ""avwap_D"", ""trigger_rule"": ""test"", ""zone_valid_from"": ""2025-11-07T00:00:00"", ""zone_valid_to"": ""2025-11-13T23:59:59.999999""}"
MSFT::20251114::resistance::1::probe::2025-11-14T00:00:00,MSFT,MSFT::20251114::resistance::1,MSFT::resistance::504.0800::5.0400::avwap_D::D,2025-11-14,probe,up,510.17999267578125,506.59944159892376,0.007067814890511115,135,0,135,0,0,True,,,cost,resistance,D,0.009999999999999981,1,"{""source_reason"": ""avwap_D"", ""trigger_rule"": ""probe"", ""zone_valid_from"": ""2025-11-14T00:00:00"", ""zone_valid_to"": ""2025-11-20T23:59:59.999999""}"
MSFT::20251201::support::4::probe::2025-12-03T00:00:00,MSFT,MSFT::20251201::support::4,"MSFT::support::484.7700::10.7525::avwap_D,avwap_W,vp_D::D,W",2025-12-03,probe,down,477.7300109863281,479.39337238211743,-0.0034697213011603088,147,2,147,0,0,True,,,composite,support,"D,W",0.02217952904102322,3,"{""source_reason"": ""avwap_D,avwap_W,vp_D"", ""trigger_rule"": ""probe"", ""zone_valid_from"": ""2025-12-01T00:00:00"", ""zone_valid_to"": ""2025-12-03T23:59:59.999999""}"
NVDA::20250702::resistance::1::probe::2025-07-03T00:00:00,NVDA,NVDA::20250702::resistance::1,"NVDA::resistance::156.8550::2.6850::avwap_D,vp_D::D",2025-07-03,probe,up,159.33999633789062,158.19880201339723,0.007213672353832077,41,1,41,0,0,True,,,composite,resistance,D,0.01711471601327328,2,"{""source_reason"": ""avwap_D,vp_D"", ""trigger_rule"": ""probe"", ""zone_valid_from"": ""2025-07-02T00:00:00"", ""zone_valid_to"": ""2025-07-09T23:59:59.999999""}"
NVDA::20250702::resistance::1::test::2025-07-07T00:00:00,NVDA,NVDA::20250702::resistance::1,"NVDA::resistance::156.8550::2.6850::avwap_D,vp_D::D",2025-07-07,test,up,158.24000549316406,158.19880201339723,0.00026045380396335813,42,2,42,1,1,False,1.0,4.0,composite,resistance,D,0.01711471601327328,2,"{""source_reason"": ""avwap_D,vp_D"", ""trigger_rule"": ""test"", ""zone_valid_from"": ""2025-07-02T00:00:00"", ""zone_valid_to"": ""2025-07-09T23:59:59.999999""}"
NVDA::20250702::resistance::1::breakout_up::2025-07-09T00:00:00,NVDA,NVDA::20250702::resistance::1,"NVDA::resistance::156.8550::2.6850::avwap_D,vp_D::D",2025-07-09,breakout_up,up,162.8800048828125,158.19880201339723,0.029590634125148688,44,4,44,3,1,False,1.0,1.0,composite,resistance,D,0.01711471601327328,2,"{""source_reason"": ""avwap_D,vp_D"", ""trigger_rule"": ""breakout_up"", ""zone_valid_from"": ""2025-07-02T00:00:00"", ""zone_valid_to"": ""2025-07-09T23:59:59.999999""}"
NVDA::20250717::support::3::probe::2025-07-22T00:00:00,NVDA,NVDA::20250717::support::3,"NVDA::support::170.8200::2.3400::avwap_D,vp_D::D",2025-07-22,probe,down,167.02999877929688,169.64777808507284,-0.0154306725105662,53,3,53,0,0,True,,,composite,support,D,0.013703985554469585,2,"{""source_reason"": ""avwap_D,vp_D"", ""trigger_rule"": ""probe"", ""zone_valid_from"": ""2025-07-17T00:00:00"", ""zone_valid_to"": ""2025-07-23T23:59:59.999999""}"
NVDA::20250717::support::3::test::2025-07-23T00:00:00,NVDA,NVDA::20250717::support::3,"NVDA::support::170.8200::2.3400::avwap_D,vp_D::D",2025-07-23,test,down,170.77999877929688,169.64777808507284,0.006673949443984226,54,4,54,1,1,False,1.0,1.0,composite,support,D,0.013703985554469585,2,"{""source_reason"": ""avwap_D,vp_D"", ""trigger_rule"": ""test"", ""zone_valid_from"": ""2025-07-17T00:00:00"", ""zone_valid_to"": ""2025-07-23T23:59:59.999999""}"
NVDA::20250724::resistance::1::probe::2025-07-24T00:00:00,NVDA,NVDA::20250724::resistance::1,"NVDA::resistance::171.3800::4.3150::vp_D,vp_W::D,W",2025-07-24,probe,up,173.74000549316406,173.5369050971667,0.0011703585233563622,55,0,55,0,0,True,,,composite,resistance,"D,W",0.025170968769375447,2,"{""source_reason"": ""vp_D,vp_W"", ""trigger_rule"": ""probe"", ""zone_valid_from"": ""2025-07-24T00:00:00"", ""zone_valid_to"": ""2025-07-30T23:59:59.999999""}"
NVDA::20250724::resistance::1::test::2025-07-25T00:00:00,NVDA,NVDA::20250724::resistance::1,"NVDA::resistance::171.3800::4.3150::vp_D,vp_W::D,W",2025-07-25,test,up,173.5,173.5369050971667,-0.00021266425804957986,56,1,56,1,1,False,1.0,1.0,composite,resistance,"D,W",0.025170968769375447,2,"{""source_reason"": ""vp_D,vp_W"", ""trigger_rule"": ""test"", ""zone_valid_from"": ""2025-07-24T00:00:00"", ""zone_valid_to"": ""2025-07-30T23:59:59.999999""}"
NVDA::20250724::resistance::1::breakout_up::2025-07-29T00:00:00,NVDA,NVDA::20250724::resistance::1,"NVDA::resistance::171.3800::4.3150::vp_D,vp_W::D,W",2025-07-29,breakout_up,up,175.50999450683594,173.5369050971667,0.011369854778523663,58,3,58,3,1,False,1.0,1.0,composite,resistance,"D,W",0.025170968769375447,2,"{""source_reason"": ""vp_D,vp_W"", ""trigger_rule"": ""breakout_up"", ""zone_valid_from"": ""2025-07-24T00:00:00"", ""zone_valid_to"": ""2025-07-30T23:59:59.999999""}"
NVDA::20250724::resistance::1::probe::2025-07-30T00:00:00,NVDA,NVDA::20250724::resistance::1,"NVDA::resistance::171.3800::4.3150::vp_D,vp_W::D,W",2025-07-30,probe,up,179.27000427246094,173.5369050971667,0.033036772046177464,59,4,59,4,1,False,1.0,1.0,composite,resistance,"D,W",0.025170968769375447,2,"{""source_reason"": ""vp_D,vp_W"", ""trigger_rule"": ""probe"", ""zone_valid_from"": ""2025-07-24T00:00:00"", ""zone_valid_to"": ""2025-07-30T23:59:59.999999""}"
NVDA::20250814::support::4::test::2025-08-20T00:00:00,NVDA,NVDA::20250814::support::4,"NVDA::support::175.6350::12.3700::avwap_D,vp_D,vp_W::D,W",2025-08-20,test,down,175.39999389648438,169.45181551297506,0.03510247656835438,74,4,74,0,0,True,,,composite,support,"D,W",0.07042317264687771,3,"{""source_reason"": ""avwap_D,vp_D,vp_W"", ""trigger_rule"": ""test"", ""zone_valid_from"": ""2025-08-14T00:00:00"", ""zone_valid_to"": ""2025-08-20T23:59:59.999999""}"
NVDA::20250828::support::3::probe::2025-08-29T00:00:00,NVDA,NVDA::20250828::support::3,"NVDA::support::179.7150::8.0725::avwap_D,vp_D,vp_W::D,W",2025-08-29,probe,down,174.17999267578125,175.67851467609407,-0.008529910462162697,81,1,81,0,0,True,,,composite,support,"D,W",0.04491941485144454,3,"{""source_reason"": ""avwap_D,vp_D,vp_W"", ""trigger_rule"": ""probe"", ""zone_valid_from"": ""2025-08-28T00:00:00"", ""zone_valid_to"": ""2025-09-04T23:59:59.999999""}"
NVDA::20250828::support::2::test::2025-09-02T00:00:00,NVDA,NVDA::20250828::support::2,NVDA::support::172.0400::3.9825::vp_W::W,2025-09-02,test,down,170.77999877929688,170.04979188601175,0.004294076959380243,82,2,82,0,0,True,,,inventory,support,W,0.02314610388982889,1,"{""source_reason"": ""vp_W"", ""trigger_rule"": ""test"", ""zone_valid_from"": ""2025-08-28T00:00:00"", ""zone_valid_to"": ""2025-09-04T23:59:59.999999""}"
NVDA::20250828::support::3::breakout_down::2025-09-02T00:00:00,NVDA,NVDA::20250828::support::3,"NVDA::support::179.7150::8.0725::avwap_D,vp_D,vp_W::D,W",2025-09-02,breakout_down,down,170.77999877929688,175.67851467609407,-0.02788340911140326,82,2,82,1,1,False,1.0,4.0,composite,support,"D,W",0.04491941485144454,3,"{""source_reason"": ""avwap_D,vp_D,vp_W"", ""trigger_rule"": ""breakout_down"", ""zone_valid_from"": ""2025-08-28T00:00:00"", ""zone_valid_to"": ""2025-09-04T23:59:59.999999""}"
NVDA::20250905::support::4::probe::2025-09-05T00:00:00,NVDA,NVDA::20250905::support::4,"NVDA::support::171.3800::3.5850::avwap_D,vp_D,vp_W::D,W",2025-09-05,probe,down,167.02000427246094,169.5856093978882,-0.015128672382853748,85,0,85,0,0,True,,,composite,support,"D,W",0.020921251889949474,3,"{""source_reason"": ""avwap_D,vp_D,vp_W"", ""trigger_rule"": ""probe"", ""zone_valid_from"": ""2025-09-05T00:00:00"", ""zone_valid_to"": ""2025-09-11T23:59:59.999999""}"
NVDA::20250905::support::4::breakout_down::2025-09-08T00:00:00,NVDA,NVDA::20250905::support::4,"NVDA::support::171.3800::3.5850::avwap_D,vp_D,vp_W::D,W",2025-09-08,breakout_down,down,168.30999755859375,169.5856093978882,-0.007521934460261617,86,1,86,1,1,False,1.0,3.0,composite,support,"D,W",0.020921251889949474,3,"{""source_reason"": ""avwap_D,vp_D,vp_W"", ""trigger_rule"": ""breakout_down"", ""zone_valid_from"": ""2025-09-05T00:00:00"", ""zone_valid_to"": ""2025-09-11T23:59:59.999999""}"
NVDA::20250905::support::4::failed_breakout_down::2025-09-09T00:00:00,NVDA,NVDA::20250905::support::4,"NVDA::support::171.3800::3.5850::avwap_D,vp_D,vp_W::D,W",2025-09-09,failed_breakout_down,down,170.75999450683594,169.5856093978882,0.006925028091224174,87,2,87,2,2,False,,,composite,support,"D,W",0.020921251889949474,3,"{""source_reason"": ""avwap_D,vp_D,vp_W"", ""trigger_rule"": ""failed_breakout_down"", ""zone_valid_from"": ""2025-09-05T00:00:00"", ""zone_valid_to"": ""2025-09-11T23:59:59.999999""}"
NVDA::20250905::support::4::test::2025-09-09T00:00:00,NVDA,NVDA::20250905::support::4,"NVDA::support::171.3800::3.5850::avwap_D,vp_D,vp_W::D,W",2025-09-09,test,down,170.75999450683594,169.5856093978882,0.006925028091224174,87,2,87,2,1,False,1.0,1.0,composite,support,"D,W",0.020921251889949474,3,"{""source_reason"": ""avwap_D,vp_D,vp_W"", ""trigger_rule"": ""test"", ""zone_valid_from"": ""2025-09-05T00:00:00"", ""zone_valid_to"": ""2025-09-11T23:59:59.999999""}"
NVDA::20250912::support::4::probe::2025-09-17T00:00:00,NVDA,NVDA::20250912::support::4,NVDA::support::175.5850::2.9600::avwap_D::D,2025-09-17,probe,down,170.2899932861328,174.10302649333866,-0.0219010162201387,93,3,93,0,0,True,,,cost,support,D,0.016861423967649943,1,"{""source_reason"": ""avwap_D"", ""trigger_rule"": ""probe"", ""zone_valid_from"": ""2025-09-12T00:00:00"", ""zone_valid_to"": ""2025-09-18T23:59:59.999999""}"
NVDA::20250912::support::4::test::2025-09-18T00:00:00,NVDA,NVDA::20250912::support::4,NVDA::support::175.5850::2.9600::avwap_D::D,2025-09-18,test,down,176.24000549316406,174.10302649333866,0.01227422086144588,94,4,94,1,1,False,1.0,1.0,cost,support,D,0.016861423967649943,1,"{""source_reason"": ""avwap_D"", ""trigger_rule"": ""test"", ""zone_valid_from"": ""2025-09-12T00:00:00"", ""zone_valid_to"": ""2025-09-18T23:59:59.999999""}"
NVDA::20250919::resistance::1::probe::2025-09-22T00:00:00,NVDA,NVDA::20250919::resistance::1,"NVDA::resistance::178.9500::7.7425::vp_D,vp_W::D,W",2025-09-22,probe,up,183.61000061035156,182.82350862979888,0.004301919301555785,96,1,96,0,0,True,,,composite,resistance,"D,W",0.04326536512332792,2,"{""source_reason"": ""vp_D,vp_W"", ""trigger_rule"": ""probe"", ""zone_valid_from"": ""2025-09-19T00:00:00"", ""zone_valid_to"": ""2025-09-25T23:59:59.999999""}"
NVDA::20250919::support::4::test::2025-09-25T00:00:00,NVDA,NVDA::20250919::support::4,"NVDA::support::175.3300::3.0150::avwap_D,vp_D::D",2025-09-25,test,down,177.69000244140625,173.82046662489572,0.022261681214220803,99,4,99,0,0,True,,,composite,support,D,0.01719396607072967,2,"{""source_reason"": ""avwap_D,vp_D"", ""trigger_rule"": ""test"", ""zone_valid_from"": ""2025-09-19T00:00:00"", ""zone_valid_to"": ""2025-09-25T23:59:59.999999""}"
NVDA::20250926::resistance::1::test::2025-09-29T00:00:00,NVDA,NVDA::20250926::resistance::1,"NVDA::resistance::179.0050::7.7625::avwap_D,vp_W::D,W",2025-09-29,test,up,181.85000610351562,182.88502027352652,-0.005659370944995431,101,1,101,0,0,True,,,composite,resistance,"D,W",0.04336994812060508,2,"{""source_reason"": ""avwap_D,vp_W"", ""trigger_rule"": ""test"", ""zone_valid_from"": ""2025-09-26T00:00:00"", ""zone_valid_to"": ""2025-10-02T23:59:59.999999""}"
NVDA::20250926::resistance::1::probe::2025-09-30T00:00:00,NVDA,NVDA::20250926::resistance::1,"NVDA::resistance::179.0050::7.7625::avwap_D,vp_W::D,W",2025-09-30,probe,up,186.5800018310547,182.88502027352652,0.020203850222406828,102,2,102,1,1,False,1.0,1.0,composite,resistance,"D,W",0.04336994812060508,2,"{""source_reason"": ""avwap_D,vp_W"", ""trigger_rule"": ""probe"", ""zone_valid_from"": ""2025-09-26T00:00:00"", ""zone_valid_to"": ""2025-10-02T23:59:59.999999""}"
NVDA::20250926::resistance::1::breakout_up::2025-10-01T00:00:00,NVDA,NVDA::20250926::resistance::1,"NVDA::resistance::179.0050::7.7625::avwap_D,vp_W::D,W",2025-10-01,breakout_up,up,187.24000549316406,182.88502027352652,0.023812695064495373,103,3,103,2,1,False,1.0,1.0,composite,resistance,"D,W",0.04336994812060508,2,"{""source_reason"": ""avwap_D,vp_W"", ""trigger_rule"": ""breakout_up"", ""zone_valid_from"": ""2025-09-26T00:00:00"", ""zone_valid_to"": ""2025-10-02T23:59:59.999999""}"
NVDA::20251017::resistance::1::test::2025-10-20T00:00:00,NVDA,NVDA::20251017::resistance::1,"NVDA::resistance::182.6750::4.0400::avwap_D,vp_D::D",2025-10-20,test,up,182.63999938964844,184.69348630095973,-0.011118350475907528,116,1,116,0,0,True,,,composite,resistance,D,0.022121873245585212,2,"{""source_reason"": ""avwap_D,vp_D"", ""trigger_rule"": ""test"", ""zone_valid_from"": ""2025-10-17T00:00:00"", ""zone_valid_to"": ""2025-10-23T23:59:59.999999""}"
NVDA::20251024::resistance::1::probe::2025-10-24T00:00:00,NVDA,NVDA::20251024::resistance::1,"NVDA::resistance::182.2600::4.4100::avwap_D,vp_D::D",2025-10-24,probe,up,186.25999450683594,184.46211553573607,0.009746602796342521,120,0,120,0,0,True,,,composite,resistance,D,0.024190074156464698,2,"{""source_reason"": ""avwap_D,vp_D"", ""trigger_rule"": ""probe"", ""zone_valid_from"": ""2025-10-24T00:00:00"", ""zone_valid_to"": ""2025-10-30T23:59:59.999999""}"
NVDA::20251024::resistance::1::breakout_up::2025-10-27T00:00:00,NVDA,NVDA::20251024::resistance::1,"NVDA::resistance::182.2600::4.4100::avwap_D,vp_D::D",2025-10-27,breakout_up,up,191.49000549316406,184.46211553573607,0.038099367650732956,121,1,121,1,1,False,1.0,3.0,composite,resistance,D,0.024190074156464698,2,"{""source_reason"": ""avwap_D,vp_D"", ""trigger_rule"": ""breakout_up"", ""zone_valid_from"": ""2025-10-24T00:00:00"", ""zone_valid_to"": ""2025-10-30T23:59:59.999999""}"
NVDA::20251024::resistance::2::probe::2025-10-27T00:00:00,NVDA,NVDA::20251024::resistance::2,NVDA::resistance::187.4350::5.3175::vp_D::D,2025-10-27,probe,up,191.49000549316406,190.09475317955017,0.007339772877876527,121,1,121,0,0,True,,,inventory,resistance,D,0.028374148866575525,1,"{""source_reason"": ""vp_D"", ""trigger_rule"": ""probe"", ""zone_valid_from"": ""2025-10-24T00:00:00"", ""zone_valid_to"": ""2025-10-30T23:59:59.999999""}"
NVDA::20251024::resistance::2::breakout_up::2025-10-28T00:00:00,NVDA,NVDA::20251024::resistance::2,NVDA::resistance::187.4350::5.3175::vp_D::D,2025-10-28,breakout_up,up,201.02999877929688,190.09475317955017,0.05752523631947928,122,2,122,1,1,False,1.0,1.0,inventory,resistance,D,0.028374148866575525,1,"{""source_reason"": ""vp_D"", ""trigger_rule"": ""breakout_up"", ""zone_valid_from"": ""2025-10-24T00:00:00"", ""zone_valid_to"": ""2025-10-30T23:59:59.999999""}"
NVDA::20251024::resistance::1::probe::2025-10-30T00:00:00,NVDA,NVDA::20251024::resistance::1,"NVDA::resistance::182.2600::4.4100::avwap_D,vp_D::D",2025-10-30,probe,up,202.88999938964844,184.46211553573607,0.09990064247280253,124,4,124,4,1,False,1.0,1.0,composite,resistance,D,0.024190074156464698,2,"{""source_reason"": ""avwap_D,vp_D"", ""trigger_rule"": ""probe"", ""zone_valid_from"": ""2025-10-24T00:00:00"", ""zone_valid_to"": ""2025-10-30T23:59:59.999999""}"
NVDA::20251031::resistance::1::test::2025-10-31T00:00:00,NVDA,NVDA::20251031::resistance::1,NVDA::resistance::206.3450::2.0625::avwap_D::D,2025-10-31,test,up,202.49000549316406,207.37855528503684,-0.023573072852945583,125,0,125,0,0,True,,,cost,resistance,D,0.010000000000000026,1,"{""source_reason"": ""avwap_D"", ""trigger_rule"": ""test"", ""zone_valid_from"": ""2025-10-31T00:00:00"", ""zone_valid_to"": ""2025-11-06T23:59:59.999999""}"
NVDA::20251107::resistance::1::probe::2025-11-10T00:00:00,NVDA,NVDA::20251107::resistance::1,NVDA::resistance::188.6650::1.8875::avwap_D::D,2025-11-10,probe,up,199.0500030517578,189.60692876623634,0.04980342409935719,131,1,131,0,0,True,,,cost,resistance,D,0.009999999999999945,1,"{""source_reason"": ""avwap_D"", ""trigger_rule"": ""probe"", ""zone_valid_from"": ""2025-11-07T00:00:00"", ""zone_valid_to"": ""2025-11-13T23:59:59.999999""}"
NVDA::20251107::resistance::2::probe::2025-11-10T00:00:00,NVDA,NVDA::20251107::resistance::2,NVDA::resistance::191.9000::1.9200::avwap_D::D,2025-11-10,probe,up,199.0500030517578,192.85803379784068,0.03210635892102756,131,1,131,0,0,True,,,cost,resistance,D,0.009999999999999893,1,"{""source_reason"": ""avwap_D"", ""trigger_rule"": ""probe"", ""zone_valid_from"": ""2025-11-07T00:00:00"", ""zone_valid_to"": ""2025-11-13T23:59:59.999999""}"
NVDA::20251107::resistance::1::breakout_up::2025-11-11T00:00:00,NVDA,NVDA::20251107::resistance::1,NVDA::resistance::188.6650::1.8875::avwap_D::D,2025-11-11,breakout_up,up,193.16000366210938,189.60692876623634,0.018739161690939962,132,2,132,1,1,False,1.0,1.0,cost,resistance,D,0.009999999999999945,1,"{""source_reason"": ""avwap_D"", ""trigger_rule"": ""breakout_up"", ""zone_valid_from"": ""2025-11-07T00:00:00"", ""zone_valid_to"": ""2025-11-13T23:59:59.999999""}"
NVDA::20251107::resistance::1::failed_breakout_up::2025-11-13T00:00:00,NVDA,NVDA::20251107::resistance::1,NVDA::resistance::188.6650::1.8875::avwap_D::D,2025-11-13,failed_breakout_up,up,186.86000061035156,189.60692876623634,-0.014487488267221618,134,4,134,2,2,False,,,cost,resistance,D,0.009999999999999945,1,"{""source_reason"": ""avwap_D"", ""trigger_rule"": ""failed_breakout_up"", ""zone_valid_from"": ""2025-11-07T00:00:00"", ""zone_valid_to"": ""2025-11-13T23:59:59.999999""}"
NVDA::20251107::resistance::1::test::2025-11-13T00:00:00,NVDA,NVDA::20251107::resistance::1,NVDA::resistance::188.6650::1.8875::avwap_D::D,2025-11-13,test,up,186.86000061035156,189.60692876623634,-0.014487488267221618,134,4,134,3,1,False,1.0,1.0,cost,resistance,D,0.009999999999999945,1,"{""source_reason"": ""avwap_D"", ""trigger_rule"": ""test"", ""zone_valid_from"": ""2025-11-07T00:00:00"", ""zone_valid_to"": ""2025-11-13T23:59:59.999999""}"
NVDA::20251114::resistance::1::probe::2025-11-14T00:00:00,NVDA,NVDA::20251114::resistance::1,NVDA::resistance::188.9650::1.8900::avwap_D::D,2025-11-14,probe,up,190.1699981689453,189.90904602790832,0.0013740901052109256,135,0,135,0,0,True,,,cost,resistance,D,0.009999999999999915,1,"{""source_reason"": ""avwap_D"", ""trigger_rule"": ""probe"", ""zone_valid_from"": ""2025-11-14T00:00:00"", ""zone_valid_to"": ""2025-11-20T23:59:59.999999""}"
NVDA::20251114::resistance::1::test::2025-11-20T00:00:00,NVDA,NVDA::20251114::resistance::1,NVDA::resistance::188.9650::1.8900::avwap_D::D,2025-11-20,test,up,180.63999938964844,189.90904602790832,-0.04880782054425009,139,4,139,1,1,False,4.0,6.0,cost,resistance,D,0.009999999999999915,1,"{""source_reason"": ""avwap_D"", ""trigger_rule"": ""test"", ""zone_valid_from"": ""2025-11-14T00:00:00"", ""zone_valid_to"": ""2025-11-20T23:59:59.999999""}"
NVDA::20251114::resistance::2::test::2025-11-20T00:00:00,NVDA,NVDA::20251114::resistance::2,"NVDA::resistance::193.0800::4.7350::avwap_D,vp_D::D",2025-11-20,test,up,180.63999938964844,195.44681534290314,-0.0757587987672082,139,4,139,0,0,True,,,composite,resistance,D,0.024529291166375297,2,"{""source_reason"": ""avwap_D,vp_D"", ""trigger_rule"": ""test"", ""zone_valid_from"": ""2025-11-14T00:00:00"", ""zone_valid_to"": ""2025-11-20T23:59:59.999999""}"
NVDA::20251121::support::2::test::2025-11-25T00:00:00,NVDA,NVDA::20251121::support::2,NVDA::support::172.5800::2.8925::avwap_D::D,2025-11-25,test,down,177.82000732421875,171.13480142702852,0.0390639767098499,142,2,142,0,0,True,,,cost,support,D,0.01676728931636898,1,"{""source_reason"": ""avwap_D"", ""trigger_rule"": ""test"", ""zone_valid_from"": ""2025-11-21T00:00:00"", ""zone_valid_to"": ""2025-11-30T23:59:59.999999""}"
NVDA::20251201::resistance::1::probe::2025-12-01T00:00:00,NVDA,NVDA::20251201::resistance::1,NVDA::resistance::177.2000::1.7725::avwap_D::D,2025-12-01,probe,up,179.9199981689453,178.08703569299846,0.010292509327330673,145,0,145,0,0,True,,,cost,resistance,D,0.009999999999999853,1,"{""source_reason"": ""avwap_D"", ""trigger_rule"": ""probe"", ""zone_valid_from"": ""2025-12-01T00:00:00"", ""zone_valid_to"": ""2025-12-03T23:59:59.999999""}"
NVDA::20251201::resistance::1::breakout_up::2025-12-02T00:00:00,NVDA,NVDA::20251201::resistance::1,NVDA::resistance::177.2000::1.7725::avwap_D::D,2025-12-02,breakout_up,up,181.4600067138672,178.08703569299846,0.018940014402190095,146,1,146,1,1,False,1.0,1.0,cost,resistance,D,0.009999999999999853,1,"{""source_reason"": ""avwap_D"", ""trigger_rule"": ""breakout_up"", ""zone_valid_from"": ""2025-12-01T00:00:00"", ""zone_valid_to"": ""2025-12-03T23:59:59.999999""}"
NVDA::20251201::resistance::2::probe::2025-12-02T00:00:00,NVDA,NVDA::20251201::resistance::2,NVDA::resistance::179.9600::1.8000::avwap_D::D,2025-12-02,probe,up,181.4600067138672,180.8573242326849,0.0033323642475595514,146,1,146,0,0,True,,,cost,resistance,D,0.01000000000000015,1,"{""source_reason"": ""avwap_D"", ""trigger_rule"": ""probe"", ""zone_valid_from"": ""2025-12-01T00:00:00"", ""zone_valid_to"": ""2025-12-03T23:59:59.999999""}"
NVDA::20251201::resistance::2::test::2025-12-03T00:00:00,NVDA,NVDA::20251201::resistance::2,NVDA::resistance::179.9600::1.8000::avwap_D::D,2025-12-03,test,up,179.58999633789062,180.8573242326849,-0.0070073352028794614,147,2,147,1,1,False,1.0,1.0,cost,resistance,D,0.01000000000000015,1,"{""source_reason"": ""avwap_D"", ""trigger_rule"": ""test"", ""zone_valid_from"": ""2025-12-01T00:00:00"", ""zone_valid_to"": ""2025-12-03T23:59:59.999999""}"
