event_id,ticker,zone_id,event_timestamp,event_type,direction,price_at_event,boundary_price,close_distance_pct,bar_index,is_first_test,prior_test_count,zone_class,zone_side,zone_timeframe,zone_width_pct,confluence_count,metadata_json,label,success_flag,failure_flag,unresolved_flag,max_favorable_excursion,max_adverse_excursion,follow_through_pct,reentry_flag,bars_to_reentry,bars_to_target,outcome_window_end
AAPL::20250521::support::5::probe::2025-05-21T00:00:00,AAPL,AAPL::20250521::support::5,2025-05-21,probe,down,202.08999633789062,203.48158873529408,-0.006838910616202024,0,True,0,cost,support,D,0.01000000000000002,1,"{""source_reason"": ""avwap_D"", ""trigger_rule"": ""probe"", ""zone_valid_from"": ""2025-05-21T00:00:00"", ""zone_valid_to"": ""2025-05-28T23:59:59.999999""}",not_applicable,0,0,0,,,,0,,,
AAPL::20250521::support::5::breakout_down::2025-05-22T00:00:00,AAPL,AAPL::20250521::support::5,2025-05-22,breakout_down,down,201.36000061035156,203.48158873529408,-0.010426437783039227,1,False,1,cost,support,D,0.01000000000000002,1,"{""source_reason"": ""avwap_D"", ""trigger_rule"": ""breakout_down"", ""zone_valid_from"": ""2025-05-21T00:00:00"", ""zone_valid_to"": ""2025-05-28T23:59:59.999999""}",failure,0,1,0,-0.08949147903178224,0.22829758185022517,-0.15613827148444087,1,1.0,,2025-02-04
AAPL::20250521::support::4::probe::2025-05-23T00:00:00,AAPL,AAPL::20250521::support::4,2025-05-23,probe,down,195.27000427246094,195.61049680709837,-0.0017406659672932145,2,True,0,composite,support,D,0.03503987251109963,2,"{""source_reason"": ""avwap_D,vp_D"", ""trigger_rule"": ""probe"", ""zone_valid_from"": ""2025-05-21T00:00:00"", ""zone_valid_to"": ""2025-05-28T23:59:59.999999""}",not_applicable,0,0,0,,,,0,,,
AAPL::20250521::support::5::probe::2025-05-28T00:00:00,AAPL,AAPL::20250521::support::5,2025-05-28,probe,down,200.4199981689453,203.48158873529408,-0.01504603234807422,4,False,2,cost,support,D,0.01000000000000002,1,"{""source_reason"": ""avwap_D"", ""trigger_rule"": ""probe"", ""zone_valid_from"": ""2025-05-21T00:00:00"", ""zone_valid_to"": ""2025-05-28T23:59:59.999999""}",not_applicable,0,0,0,,,,0,,,
AAPL::20250529::resistance::1::test::2025-05-29T00:00:00,AAPL,AAPL::20250529::resistance::1,2025-05-29,test,up,199.9499969482422,202.3295777435971,-0.011760914157446836,0,True,0,cost,resistance,D,0.010000000000000014,1,"{""source_reason"": ""avwap_D"", ""trigger_rule"": ""test"", ""zone_valid_from"": ""2025-05-29T00:00:00"", ""zone_valid_to"": ""2025-06-04T23:59:59.999999""}",not_applicable,0,0,0,,,,0,,,
AAPL::20250529::resistance::1::probe::2025-06-03T00:00:00,AAPL,AAPL::20250529::resistance::1,2025-06-03,probe,up,203.27000427246094,202.3295777435971,0.004647993335188973,3,False,1,cost,resistance,D,0.010000000000000014,1,"{""source_reason"": ""avwap_D"", ""trigger_rule"": ""probe"", ""zone_valid_from"": ""2025-05-29T00:00:00"", ""zone_valid_to"": ""2025-06-04T23:59:59.999999""}",not_applicable,0,0,0,,,,0,,,
AAPL::20250529::resistance::1::breakout_up::2025-06-04T00:00:00,AAPL,AAPL::20250529::resistance::1,2025-06-04,breakout_up,up,202.82000732421875,202.3295777435971,0.0024239144177088615,4,False,2,cost,resistance,D,0.010000000000000014,1,"{""source_reason"": ""avwap_D"", ""trigger_rule"": ""breakout_up"", ""zone_valid_from"": ""2025-05-29T00:00:00"", ""zone_valid_to"": ""2025-06-04T23:59:59.999999""}",success,1,0,0,0.2187653757760676,-0.08164873760270454,0.12232519802118746,0,,1.0,2025-02-07
AAPL::20250627::resistance::1::probe::2025-06-30T00:00:00,AAPL,AAPL::20250627::resistance::1,2025-06-30,probe,up,205.1699981689453,203.53348603441412,0.008040505601395147,1,True,0,cost,resistance,D,0.017096473452467974,1,"{""source_reason"": ""avwap_D"", ""trigger_rule"": ""probe"", ""zone_valid_from"": ""2025-06-27T00:00:00"", ""zone_valid_to"": ""2025-07-06T23:59:59.999999""}",not_applicable,0,0,0,,,,0,,,
AAPL::20250627::resistance::1::breakout_up::2025-07-01T00:00:00,AAPL,AAPL::20250627::resistance::1,2025-07-01,breakout_up,up,207.82000732421875,203.53348603441412,0.02106052116200597,2,False,1,cost,resistance,D,0.017096473452467974,1,"{""source_reason"": ""avwap_D"", ""trigger_rule"": ""breakout_up"", ""zone_valid_from"": ""2025-06-27T00:00:00"", ""zone_valid_to"": ""2025-07-06T23:59:59.999999""}",success,1,0,0,0.18944275685529452,-0.05562504644011039,0.11861222706064131,0,,1.0,2025-02-05
AAPL::20250804::resistance::1::probe::2025-08-07T00:00:00,AAPL,AAPL::20250804::resistance::1,2025-08-07,probe,up,220.02999877929688,217.36869656562803,0.01224326343082867,3,True,0,composite,resistance,"D,W",0.10793260464090193,4,"{""source_reason"": ""avwap_D,avwap_W,vp_D,vp_W"", ""trigger_rule"": ""probe"", ""zone_valid_from"": ""2025-08-04T00:00:00"", ""zone_valid_to"": ""2025-08-10T23:59:59.999999""}",not_applicable,0,0,0,,,,0,,,
AAPL::20250804::resistance::1::breakout_up::2025-08-08T00:00:00,AAPL,AAPL::20250804::resistance::1,2025-08-08,breakout_up,up,229.35000610351562,217.36869656562803,0.05511975609730997,4,False,1,composite,resistance,"D,W",0.10793260464090193,4,"{""source_reason"": ""avwap_D,avwap_W,vp_D,vp_W"", ""trigger_rule"": ""breakout_up"", ""zone_valid_from"": ""2025-08-04T00:00:00"", ""zone_valid_to"": ""2025-08-10T23:59:59.999999""}",success,1,0,0,0.0777850266541465,0.043470682168646774,-0.007499460104338579,0,,1.0,2025-02-07
AAPL::20250818::support::3::probe::2025-08-20T00:00:00,AAPL,AAPL::20250818::support::3,2025-08-20,probe,down,226.00999450683594,227.66233434756597,-0.007257853370718115,2,True,0,inventory,support,D,0.01305556709466888,1,"{""source_reason"": ""vp_D"", ""trigger_rule"": ""probe"", ""zone_valid_from"": ""2025-08-18T00:00:00"", ""zone_valid_to"": ""2025-08-24T23:59:59.999999""}",not_applicable,0,0,0,,,,0,,,
AAPL::20250818::support::3::breakout_down::2025-08-21T00:00:00,AAPL,AAPL::20250818::support::3,2025-08-21,breakout_down,down,224.89999389648438,227.66233434756597,-0.01213349787964665,3,False,1,inventory,support,D,0.01305556709466888,1,"{""source_reason"": ""vp_D"", ""trigger_rule"": ""breakout_down"", ""zone_valid_from"": ""2025-08-18T00:00:00"", ""zone_valid_to"": ""2025-08-24T23:59:59.999999""}",failure,0,1,0,0.02454419370154622,0.09911075655778535,-0.036994253223716106,1,1.0,,2025-02-06
AAPL::20250818::support::3::failed_breakout_down::2025-08-22T00:00:00,AAPL,AAPL::20250818::support::3,2025-08-22,failed_breakout_down,down,227.75999450683594,227.66233434756597,0.00042896933104827345,4,False,2,inventory,support,D,0.01305556709466888,1,"{""source_reason"": ""vp_D"", ""trigger_rule"": ""failed_breakout_down"", ""zone_valid_from"": ""2025-08-18T00:00:00"", ""zone_valid_to"": ""2025-08-24T23:59:59.999999""}",not_applicable,0,0,0,,,,0,,,
AAPL::20250818::support::3::test::2025-08-22T00:00:00,AAPL,AAPL::20250818::support::3,2025-08-22,test,down,227.75999450683594,227.66233434756597,0.00042896933104827345,4,False,2,inventory,support,D,0.01305556709466888,1,"{""source_reason"": ""vp_D"", ""trigger_rule"": ""test"", ""zone_valid_from"": ""2025-08-18T00:00:00"", ""zone_valid_to"": ""2025-08-24T23:59:59.999999""}",not_applicable,0,0,0,,,,0,,,
AAPL::20250825::resistance::1::test::2025-08-28T00:00:00,AAPL,AAPL::20250825::resistance::1,2025-08-28,test,up,232.55999755859375,232.7565005493164,-0.0008442427612500318,3,True,0,inventory,resistance,D,0.02830543582433459,1,"{""source_reason"": ""vp_D"", ""trigger_rule"": ""test"", ""zone_valid_from"": ""2025-08-25T00:00:00"", ""zone_valid_to"": ""2025-09-01T23:59:59.999999""}",not_applicable,0,0,0,,,,0,,,
AAPL::20250930::resistance::1::test::2025-10-01T00:00:00,AAPL,AAPL::20250930::resistance::1,2025-10-01,test,up,255.4499969482422,257.23889101664224,-0.006954213110350879,1,True,0,composite,resistance,D,0.014026132996772607,2,"{""source_reason"": ""avwap_D,vp_D"", ""trigger_rule"": ""test"", ""zone_valid_from"": ""2025-09-30T00:00:00"", ""zone_valid_to"": ""2025-10-06T23:59:59.999999""}",not_applicable,0,0,0,,,,0,,,
AAPL::20250930::resistance::1::probe::2025-10-03T00:00:00,AAPL,AAPL::20250930::resistance::1,2025-10-03,probe,up,258.0199890136719,257.23889101664224,0.003036469306575806,3,False,1,composite,resistance,D,0.014026132996772607,2,"{""source_reason"": ""avwap_D,vp_D"", ""trigger_rule"": ""probe"", ""zone_valid_from"": ""2025-09-30T00:00:00"", ""zone_valid_to"": ""2025-10-06T23:59:59.999999""}",not_applicable,0,0,0,,,,0,,,
AAPL::20251007::resistance::1::test::2025-10-08T00:00:00,AAPL,AAPL::20251007::resistance::1,2025-10-08,test,up,258.05999755859375,258.29155540676476,-0.0008964979432112826,1,True,0,composite,resistance,"D,W",0.010853601813218202,2,"{""source_reason"": ""avwap_D,avwap_W"", ""trigger_rule"": ""test"", ""zone_valid_from"": ""2025-10-07T00:00:00"", ""zone_valid_to"": ""2025-10-13T23:59:59.999999""}",not_applicable,0,0,0,,,,0,,,
AAPL::20251007::support::4::probe::2025-10-10T00:00:00,AAPL,AAPL::20251007::support::4,2025-10-10,probe,down,245.27000427246094,252.20525324821472,-0.027498431878134846,3,True,0,inventory,support,D,0.024098014046340765,1,"{""source_reason"": ""vp_D"", ""trigger_rule"": ""probe"", ""zone_valid_from"": ""2025-10-07T00:00:00"", ""zone_valid_to"": ""2025-10-13T23:59:59.999999""}",not_applicable,0,0,0,,,,0,,,
AAPL::20251007::support::4::breakout_down::2025-10-13T00:00:00,AAPL,AAPL::20251007::support::4,2025-10-13,breakout_down,down,247.66000366210938,252.20525324821472,-0.01802202582050109,4,False,1,inventory,support,D,0.024098014046340765,1,"{""source_reason"": ""vp_D"", ""trigger_rule"": ""breakout_down"", ""zone_valid_from"": ""2025-10-07T00:00:00"", ""zone_valid_to"": ""2025-10-13T23:59:59.999999""}",success,1,0,0,0.11418880061828716,-0.001897767963148232,0.08087700267752744,0,,1.0,2025-02-07
AAPL::20251014::resistance::1::probe::2025-10-20T00:00:00,AAPL,AAPL::20251014::resistance::1,2025-10-20,probe,up,262.239990234375,259.82709078073503,0.009286558404628342,4,True,0,composite,resistance,"D,W",0.03283825158249975,3,"{""source_reason"": ""avwap_D,avwap_W,vp_D"", ""trigger_rule"": ""probe"", ""zone_valid_from"": ""2025-10-14T00:00:00"", ""zone_valid_to"": ""2025-10-20T23:59:59.999999""}",not_applicable,0,0,0,,,,0,,,
AAPL::20251104::resistance::1::test::2025-11-06T00:00:00,AAPL,AAPL::20251104::resistance::1,2025-11-06,test,up,269.7699890136719,272.32529981605666,-0.009383302998695962,2,True,0,composite,resistance,"D,W",0.011816298867020722,2,"{""source_reason"": ""avwap_D,avwap_W"", ""trigger_rule"": ""test"", ""zone_valid_from"": ""2025-11-04T00:00:00"", ""zone_valid_to"": ""2025-11-10T23:59:59.999999""}",not_applicable,0,0,0,,,,0,,,
AAPL::20251111::resistance::1::probe::2025-11-11T00:00:00,AAPL,AAPL::20251111::resistance::1,2025-11-11,probe,up,275.25,273.2107479858399,0.007464025589014596,0,True,0,composite,resistance,"D,W",0.025172444266625682,3,"{""source_reason"": ""avwap_D,avwap_W,vp_D"", ""trigger_rule"": ""probe"", ""zone_valid_from"": ""2025-11-11T00:00:00"", ""zone_valid_to"": ""2025-11-17T23:59:59.999999""}",not_applicable,0,0,0,,,,0,,,
AAPL::20251111::resistance::1::test::2025-11-12T00:00:00,AAPL,AAPL::20251111::resistance::1,2025-11-12,test,up,273.4700012207031,273.2107479858399,0.0009489130159575143,1,False,1,composite,resistance,"D,W",0.025172444266625682,3,"{""source_reason"": ""avwap_D,avwap_W,vp_D"", ""trigger_rule"": ""test"", ""zone_valid_from"": ""2025-11-11T00:00:00"", ""zone_valid_to"": ""2025-11-17T23:59:59.999999""}",not_applicable,0,0,0,,,,0,,,
AAPL::20251118::resistance::1::test::2025-11-20T00:00:00,AAPL,AAPL::20251118::resistance::1,2025-11-20,test,up,266.25,274.57874277750653,-0.030332802507786936,2,True,0,composite,resistance,"D,W",0.030178898486725617,3,"{""source_reason"": ""avwap_D,avwap_W,vp_D"", ""trigger_rule"": ""test"", ""zone_valid_from"": ""2025-11-18T00:00:00"", ""zone_valid_to"": ""2025-11-24T23:59:59.999999""}",not_applicable,0,0,0,,,,0,,,
AAPL::20251118::resistance::1::probe::2025-11-24T00:00:00,AAPL,AAPL::20251118::resistance::1,2025-11-24,probe,up,275.9200134277344,274.57874277750653,0.004884830619661931,4,False,1,composite,resistance,"D,W",0.030178898486725617,3,"{""source_reason"": ""avwap_D,avwap_W,vp_D"", ""trigger_rule"": ""probe"", ""zone_valid_from"": ""2025-11-18T00:00:00"", ""zone_valid_to"": ""2025-11-24T23:59:59.999999""}",not_applicable,0,0,0,,,,0,,,
AMZN::20250514::support::3::test::2025-05-14T00:00:00,AMZN,AMZN::20250514::support::3,2025-05-14,test,down,210.25,209.0951941720611,0.005522871209505799,0,True,0,cost,support,D,0.009999999999999938,1,"{""source_reason"": ""avwap_D"", ""trigger_rule"": ""test"", ""zone_valid_from"": ""2025-05-14T00:00:00"", ""zone_valid_to"": ""2025-05-20T23:59:59.999999""}",not_applicable,0,0,0,,,,0,,,
AMZN::20250514::support::3::probe::2025-05-15T00:00:00,AMZN,AMZN::20250514::support::3,2025-05-15,probe,down,205.1699981689453,209.0951941720611,-0.018772291819800533,1,False,1,cost,support,D,0.009999999999999938,1,"{""source_reason"": ""avwap_D"", ""trigger_rule"": ""probe"", ""zone_valid_from"": ""2025-05-14T00:00:00"", ""zone_valid_to"": ""2025-05-20T23:59:59.999999""}",not_applicable,0,0,0,,,,0,,,
AMZN::20250514::support::3::breakout_down::2025-05-16T00:00:00,AMZN,AMZN::20250514::support::3,2025-05-16,breakout_down,down,205.58999633789062,209.0951941720611,-0.016763646089761886,2,False,2,cost,support,D,0.009999999999999938,1,"{""source_reason"": ""avwap_D"", ""trigger_rule"": ""breakout_down"", ""zone_valid_from"": ""2025-05-14T00:00:00"", ""zone_valid_to"": ""2025-05-20T23:59:59.999999""}",failure,0,1,0,-0.05160757234955074,0.179629401198467,-0.14874265468051245,1,1.0,,2025-02-05
AMZN::20250529::resistance::1::test::2025-05-29T00:00:00,AMZN,AMZN::20250529::resistance::1,2025-05-29,test,up,205.6999969482422,206.99733797685138,-0.006267428563522292,0,True,0,cost,resistance,D,0.01000000000000007,1,"{""source_reason"": ""avwap_D"", ""trigger_rule"": ""test"", ""zone_valid_from"": ""2025-05-29T00:00:00"", ""zone_valid_to"": ""2025-06-04T23:59:59.999999""}",not_applicable,0,0,0,,,,0,,,
AMZN::20250529::resistance::1::probe::2025-06-04T00:00:00,AMZN,AMZN::20250529::resistance::1,2025-06-04,probe,up,207.22999572753906,206.99733797685138,0.00112396494062014,4,False,1,cost,resistance,D,0.01000000000000007,1,"{""source_reason"": ""avwap_D"", ""trigger_rule"": ""probe"", ""zone_valid_from"": ""2025-05-29T00:00:00"", ""zone_valid_to"": ""2025-06-04T23:59:59.999999""}",not_applicable,0,0,0,,,,0,,,
AMZN::20250620::resistance::1::test::2025-06-26T00:00:00,AMZN,AMZN::20250620::resistance::1,2025-06-26,test,up,217.1199951171875,217.82475802103679,-0.0032354582199568983,4,True,0,inventory,resistance,D,0.035798965393605726,1,"{""source_reason"": ""vp_D"", ""trigger_rule"": ""test"", ""zone_valid_from"": ""2025-06-20T00:00:00"", ""zone_valid_to"": ""2025-06-26T23:59:59.999999""}",not_applicable,0,0,0,,,,0,,,
AMZN::20250804::resistance::1::probe::2025-08-06T00:00:00,AMZN,AMZN::20250804::resistance::1,2025-08-06,probe,up,222.30999755859375,217.61818060924114,0.021559857435704415,2,True,0,composite,resistance,"D,W",0.012000609462994206,2,"{""source_reason"": ""avwap_D,avwap_W"", ""trigger_rule"": ""probe"", ""zone_valid_from"": ""2025-08-04T00:00:00"", ""zone_valid_to"": ""2025-08-10T23:59:59.999999""}",not_applicable,0,0,0,,,,0,,,
AMZN::20250804::resistance::1::breakout_up::2025-08-07T00:00:00,AMZN,AMZN::20250804::resistance::1,2025-08-07,breakout_up,up,223.1300048828125,217.61818060924114,0.025327958620647087,3,False,1,composite,resistance,"D,W",0.012000609462994206,2,"{""source_reason"": ""avwap_D,avwap_W"", ""trigger_rule"": ""breakout_up"", ""zone_valid_from"": ""2025-08-04T00:00:00"", ""zone_valid_to"": ""2025-08-10T23:59:59.999999""}",success,1,0,0,0.08690000880801321,0.031058162429611118,0.07036255368921719,0,,8.0,2025-02-06
AMZN::20250811::resistance::1::test::2025-08-15T00:00:00,AMZN,AMZN::20250811::resistance::1,2025-08-15,test,up,231.02999877929688,233.50541585842768,-0.010601112055711936,4,True,0,inventory,resistance,D,0.012254038553314603,1,"{""source_reason"": ""vp_D"", ""trigger_rule"": ""test"", ""zone_valid_from"": ""2025-08-11T00:00:00"", ""zone_valid_to"": ""2025-08-17T23:59:59.999999""}",not_applicable,0,0,0,,,,0,,,
AMZN::20250902::resistance::1::probe::2025-09-04T00:00:00,AMZN,AMZN::20250902::resistance::1,2025-09-04,probe,up,235.67999267578125,233.49495335817338,0.009357972350931703,2,True,0,inventory,resistance,D,0.030470915914604615,1,"{""source_reason"": ""vp_D"", ""trigger_rule"": ""probe"", ""zone_valid_from"": ""2025-09-02T00:00:00"", ""zone_valid_to"": ""2025-09-08T23:59:59.999999""}",not_applicable,0,0,0,,,,0,,,
AMZN::20250902::resistance::1::test::2025-09-05T00:00:00,AMZN,AMZN::20250902::resistance::1,2025-09-05,test,up,232.3300018310547,233.49495335817338,-0.004989193600821395,3,False,1,inventory,resistance,D,0.030470915914604615,1,"{""source_reason"": ""vp_D"", ""trigger_rule"": ""test"", ""zone_valid_from"": ""2025-09-02T00:00:00"", ""zone_valid_to"": ""2025-09-08T23:59:59.999999""}",not_applicable,0,0,0,,,,0,,,
AMZN::20250916::resistance::1::probe::2025-09-16T00:00:00,AMZN,AMZN::20250916::resistance::1,2025-09-16,probe,up,234.0500030517578,232.9538641574439,0.004705390478404295,0,True,0,cost,resistance,D,0.009999999999999887,1,"{""source_reason"": ""avwap_D"", ""trigger_rule"": ""probe"", ""zone_valid_from"": ""2025-09-16T00:00:00"", ""zone_valid_to"": ""2025-09-22T23:59:59.999999""}",not_applicable,0,0,0,,,,0,,,
AMZN::20250916::resistance::1::test::2025-09-17T00:00:00,AMZN,AMZN::20250916::resistance::1,2025-09-17,test,up,231.6199951171875,232.9538641574439,-0.005725893601639857,1,False,1,cost,resistance,D,0.009999999999999887,1,"{""source_reason"": ""avwap_D"", ""trigger_rule"": ""test"", ""zone_valid_from"": ""2025-09-16T00:00:00"", ""zone_valid_to"": ""2025-09-22T23:59:59.999999""}",not_applicable,0,0,0,,,,0,,,
AMZN::20250923::support::3::probe::2025-09-25T00:00:00,AMZN,AMZN::20250923::support::3,2025-09-25,probe,down,218.14999389648438,219.34125915686232,-0.005431104320988742,2,True,0,composite,support,"D,W",0.010256044254779608,2,"{""source_reason"": ""avwap_D,avwap_W"", ""trigger_rule"": ""probe"", ""zone_valid_from"": ""2025-09-23T00:00:00"", ""zone_valid_to"": ""2025-09-29T23:59:59.999999""}",not_applicable,0,0,0,,,,0,,,
AMZN::20250923::support::4::test::2025-09-25T00:00:00,AMZN,AMZN::20250923::support::4,2025-09-25,test,down,218.14999389648438,218.34474431037904,-0.000891940012157231,2,True,0,composite,support,"D,W",0.08092691991435337,2,"{""source_reason"": ""avwap_D,vp_W"", ""trigger_rule"": ""test"", ""zone_valid_from"": ""2025-09-23T00:00:00"", ""zone_valid_to"": ""2025-09-29T23:59:59.999999""}",not_applicable,0,0,0,,,,0,,,
AMZN::20250923::support::3::test::2025-09-26T00:00:00,AMZN,AMZN::20250923::support::3,2025-09-26,test,down,219.77999877929688,219.34125915686232,0.002000260343726705,3,False,1,composite,support,"D,W",0.010256044254779608,2,"{""source_reason"": ""avwap_D,avwap_W"", ""trigger_rule"": ""test"", ""zone_valid_from"": ""2025-09-23T00:00:00"", ""zone_valid_to"": ""2025-09-29T23:59:59.999999""}",not_applicable,0,0,0,,,,0,,,
AMZN::20250930::support::3::test::2025-09-30T00:00:00,AMZN,AMZN::20250930::support::3,2025-09-30,test,down,219.57000732421875,219.09667077382406,0.002160400469449953,0,True,0,composite,support,"D,W",0.014225839676086162,3,"{""source_reason"": ""avwap_D,avwap_W,vp_D"", ""trigger_rule"": ""test"", ""zone_valid_from"": ""2025-09-30T00:00:00"", ""zone_valid_to"": ""2025-10-06T23:59:59.999999""}",not_applicable,0,0,0,,,,0,,,
AMZN::20250930::support::3::test::2025-10-06T00:00:00,AMZN,AMZN::20250930::support::3,2025-10-06,test,down,220.89999389648438,219.09667077382406,0.008230718962050807,4,False,1,composite,support,"D,W",0.014225839676086162,3,"{""source_reason"": ""avwap_D,avwap_W,vp_D"", ""trigger_rule"": ""test"", ""zone_valid_from"": ""2025-09-30T00:00:00"", ""zone_valid_to"": ""2025-10-06T23:59:59.999999""}",not_applicable,0,0,0,,,,0,,,
AMZN::20251007::support::3::probe::2025-10-10T00:00:00,AMZN,AMZN::20251007::support::3,2025-10-10,probe,down,216.3699951171875,218.25399567921954,-0.008632146944979952,3,True,0,composite,support,"D,W",0.02291986175752883,3,"{""source_reason"": ""avwap_D,avwap_W,vp_D"", ""trigger_rule"": ""probe"", ""zone_valid_from"": ""2025-10-07T00:00:00"", ""zone_valid_to"": ""2025-10-13T23:59:59.999999""}",not_applicable,0,0,0,,,,0,,,
AMZN::20251007::support::3::test::2025-10-13T00:00:00,AMZN,AMZN::20251007::support::3,2025-10-13,test,down,220.07000732421875,218.25399567921954,0.008320634127900706,4,False,1,composite,support,"D,W",0.02291986175752883,3,"{""source_reason"": ""avwap_D,avwap_W,vp_D"", ""trigger_rule"": ""test"", ""zone_valid_from"": ""2025-10-07T00:00:00"", ""zone_valid_to"": ""2025-10-13T23:59:59.999999""}",not_applicable,0,0,0,,,,0,,,
AMZN::20251014::support::3::probe::2025-10-14T00:00:00,AMZN,AMZN::20251014::support::3,2025-10-14,probe,down,216.38999938964844,218.7835248029683,-0.010940153814028762,0,True,0,cost,support,D,0.009999999999999879,1,"{""source_reason"": ""avwap_D"", ""trigger_rule"": ""probe"", ""zone_valid_from"": ""2025-10-14T00:00:00"", ""zone_valid_to"": ""2025-10-20T23:59:59.999999""}",not_applicable,0,0,0,,,,0,,,
AMZN::20251014::support::3::breakout_down::2025-10-15T00:00:00,AMZN,AMZN::20251014::support::3,2025-10-15,breakout_down,down,215.57000732421875,218.7835248029683,-0.01468811457189732,1,False,1,cost,support,D,0.009999999999999879,1,"{""source_reason"": ""avwap_D"", ""trigger_rule"": ""breakout_down"", ""zone_valid_from"": ""2025-10-14T00:00:00"", ""zone_valid_to"": ""2025-10-20T23:59:59.999999""}",failure,0,1,0,-0.002922436343734631,0.12501737733723417,-0.12288346863825947,1,1.0,,2025-02-04
AMZN::20251014::support::3::retest_down::2025-10-16T00:00:00,AMZN,AMZN::20251014::support::3,2025-10-16,retest_down,down,214.47000122070312,218.7835248029683,-0.019715943356108868,2,False,2,cost,support,D,0.009999999999999879,1,"{""source_reason"": ""avwap_D"", ""trigger_rule"": ""retest_down"", ""zone_valid_from"": ""2025-10-14T00:00:00"", ""zone_valid_to"": ""2025-10-20T23:59:59.999999""}",not_applicable,0,0,0,,,,0,,,
AMZN::20251014::support::3::probe::2025-10-20T00:00:00,AMZN,AMZN::20251014::support::3,2025-10-20,probe,down,216.47999572753906,218.7835248029683,-0.010528805025441167,4,False,2,cost,support,D,0.009999999999999879,1,"{""source_reason"": ""avwap_D"", ""trigger_rule"": ""probe"", ""zone_valid_from"": ""2025-10-14T00:00:00"", ""zone_valid_to"": ""2025-10-20T23:59:59.999999""}",not_applicable,0,0,0,,,,0,,,
AMZN::20251021::resistance::1::probe::2025-10-21T00:00:00,AMZN,AMZN::20251021::resistance::1,2025-10-21,probe,up,222.02999877929688,218.49099525133767,0.016197480010048802,0,True,0,composite,resistance,D,0.013460066486348636,2,"{""source_reason"": ""avwap_D,vp_D"", ""trigger_rule"": ""probe"", ""zone_valid_from"": ""2025-10-21T00:00:00"", ""zone_valid_to"": ""2025-10-27T23:59:59.999999""}",not_applicable,0,0,0,,,,0,,,
AMZN::20251021::resistance::1::test::2025-10-22T00:00:00,AMZN,AMZN::20251021::resistance::1,2025-10-22,test,up,217.9499969482422,218.49099525133767,-0.002476066816726927,1,False,1,composite,resistance,D,0.013460066486348636,2,"{""source_reason"": ""avwap_D,vp_D"", ""trigger_rule"": ""test"", ""zone_valid_from"": ""2025-10-21T00:00:00"", ""zone_valid_to"": ""2025-10-27T23:59:59.999999""}",not_applicable,0,0,0,,,,0,,,
AMZN::20251021::resistance::1::breakout_up::2025-10-24T00:00:00,AMZN,AMZN::20251021::resistance::1,2025-10-24,breakout_up,up,224.2100067138672,218.49099525133767,0.026175044220704602,3,False,2,composite,resistance,D,0.013460066486348636,2,"{""source_reason"": ""avwap_D,vp_D"", ""trigger_rule"": ""breakout_up"", ""zone_valid_from"": ""2025-10-21T00:00:00"", ""zone_valid_to"": ""2025-10-27T23:59:59.999999""}",failure,0,1,0,0.08166449761522304,0.035725478461125205,0.065206702106946,1,3.0,8.0,2025-02-06
AMZN::20251021::resistance::1::probe::2025-10-27T00:00:00,AMZN,AMZN::20251021::resistance::1,2025-10-27,probe,up,226.97000122070312,218.49099525133767,0.03880711861654421,4,False,3,composite,resistance,D,0.013460066486348636,2,"{""source_reason"": ""avwap_D,vp_D"", ""trigger_rule"": ""probe"", ""zone_valid_from"": ""2025-10-21T00:00:00"", ""zone_valid_to"": ""2025-10-27T23:59:59.999999""}",not_applicable,0,0,0,,,,0,,,
AMZN::20251104::support::3::test::2025-11-05T00:00:00,AMZN,AMZN::20251104::support::3,2025-11-05,test,down,250.1999969482422,248.25480381792377,0.007835470252350357,1,True,0,cost,support,D,0.009999999999999981,1,"{""source_reason"": ""avwap_D"", ""trigger_rule"": ""test"", ""zone_valid_from"": ""2025-11-04T00:00:00"", ""zone_valid_to"": ""2025-11-10T23:59:59.999999""}",not_applicable,0,0,0,,,,0,,,
AMZN::20251104::support::3::probe::2025-11-06T00:00:00,AMZN,AMZN::20251104::support::3,2025-11-06,probe,down,243.0399932861328,248.25480381792377,-0.021005879651036403,2,False,1,cost,support,D,0.009999999999999981,1,"{""source_reason"": ""avwap_D"", ""trigger_rule"": ""probe"", ""zone_valid_from"": ""2025-11-04T00:00:00"", ""zone_valid_to"": ""2025-11-10T23:59:59.999999""}",not_applicable,0,0,0,,,,0,,,
AMZN::20251104::support::3::breakout_down::2025-11-07T00:00:00,AMZN,AMZN::20251104::support::3,2025-11-07,breakout_down,down,244.41000366210938,248.25480381792377,-0.015487314229916248,3,False,2,cost,support,D,0.009999999999999981,1,"{""source_reason"": ""avwap_D"", ""trigger_rule"": ""breakout_down"", ""zone_valid_from"": ""2025-11-04T00:00:00"", ""zone_valid_to"": ""2025-11-10T23:59:59.999999""}",success,1,0,0,0.11542083503614199,-0.00773290520571864,0.02283049690048243,0,,1.0,2025-02-06
AMZN::20251104::support::3::failed_breakout_down::2025-11-10T00:00:00,AMZN,AMZN::20251104::support::3,2025-11-10,failed_breakout_down,down,248.39999389648438,248.25480381792377,0.0005848429771658672,4,False,3,cost,support,D,0.009999999999999981,1,"{""source_reason"": ""avwap_D"", ""trigger_rule"": ""failed_breakout_down"", ""zone_valid_from"": ""2025-11-04T00:00:00"", ""zone_valid_to"": ""2025-11-10T23:59:59.999999""}",not_applicable,0,0,0,,,,0,,,
AMZN::20251111::support::3::probe::2025-11-12T00:00:00,AMZN,AMZN::20251111::support::3,2025-11-12,probe,down,244.1999969482422,246.09264848117283,-0.007690808907180495,1,True,0,cost,support,W,0.010000000000000097,1,"{""source_reason"": ""avwap_W"", ""trigger_rule"": ""probe"", ""zone_valid_from"": ""2025-11-11T00:00:00"", ""zone_valid_to"": ""2025-11-17T23:59:59.999999""}",not_applicable,0,0,0,,,,0,,,
AMZN::20251111::support::3::breakout_down::2025-11-13T00:00:00,AMZN,AMZN::20251111::support::3,2025-11-13,breakout_down,down,237.5800018310547,246.09264848117283,-0.034591226932849224,2,False,1,cost,support,W,0.010000000000000097,1,"{""source_reason"": ""avwap_W"", ""trigger_rule"": ""breakout_down"", ""zone_valid_from"": ""2025-11-11T00:00:00"", ""zone_valid_to"": ""2025-11-17T23:59:59.999999""}",success,1,0,0,0.08999075981999535,0.020793006159327884,0.005934858368727691,0,,1.0,2025-02-05
AMZN::20251125::resistance::1::test::2025-11-25T00:00:00,AMZN,AMZN::20251125::resistance::1,2025-11-25,test,up,229.6699981689453,229.74456274519238,-0.0003245542586780129,0,True,0,cost,resistance,D,0.013937702556993422,1,"{""source_reason"": ""avwap_D"", ""trigger_rule"": ""test"", ""zone_valid_from"": ""2025-11-25T00:00:00"", ""zone_valid_to"": ""2025-12-02T23:59:59.999999""}",not_applicable,0,0,0,,,,0,,,
AMZN::20251125::resistance::1::probe::2025-11-28T00:00:00,AMZN,AMZN::20251125::resistance::1,2025-11-28,probe,up,233.22000122070312,229.74456274519238,0.015127402511655171,2,False,1,cost,resistance,D,0.013937702556993422,1,"{""source_reason"": ""avwap_D"", ""trigger_rule"": ""probe"", ""zone_valid_from"": ""2025-11-25T00:00:00"", ""zone_valid_to"": ""2025-12-02T23:59:59.999999""}",not_applicable,0,0,0,,,,0,,,
AMZN::20251125::resistance::1::breakout_up::2025-12-01T00:00:00,AMZN,AMZN::20251125::resistance::1,2025-12-01,breakout_up,up,233.8800048828125,229.74456274519238,0.018000174142126266,3,False,2,cost,resistance,D,0.013937702556993422,1,"{""source_reason"": ""avwap_D"", ""trigger_rule"": ""breakout_up"", ""zone_valid_from"": ""2025-11-25T00:00:00"", ""zone_valid_to"": ""2025-12-02T23:59:59.999999""}",failure,0,1,0,0.03694201816858,0.07559435422206796,0.021164686355819192,1,1.0,13.0,2025-02-06
AMZN::20251210::resistance::1::probe::2025-12-10T00:00:00,AMZN,AMZN::20251210::resistance::1,2025-12-10,probe,up,231.77999877929688,229.95153066154398,0.00795153705866884,0,True,0,cost,resistance,D,0.013648956872685494,1,"{""source_reason"": ""avwap_D"", ""trigger_rule"": ""probe"", ""zone_valid_from"": ""2025-12-10T00:00:00"", ""zone_valid_to"": ""2025-12-16T23:59:59.999999""}",not_applicable,0,0,0,,,,0,,,
AMZN::20251210::resistance::1::test::2025-12-12T00:00:00,AMZN,AMZN::20251210::resistance::1,2025-12-12,test,up,226.19000244140625,229.95153066154398,-0.01635791772864591,2,False,1,cost,resistance,D,0.013648956872685494,1,"{""source_reason"": ""avwap_D"", ""trigger_rule"": ""test"", ""zone_valid_from"": ""2025-12-10T00:00:00"", ""zone_valid_to"": ""2025-12-16T23:59:59.999999""}",not_applicable,0,0,0,,,,0,,,
JPM::20250521::support::4::test::2025-05-22T00:00:00,JPM,JPM::20250521::support::4,2025-05-22,test,down,260.6700134277344,259.40759466171266,0.004866545128210302,1,True,0,inventory,support,W,0.034651370792496354,1,"{""source_reason"": ""vp_W"", ""trigger_rule"": ""test"", ""zone_valid_from"": ""2025-05-21T00:00:00"", ""zone_valid_to"": ""2025-05-28T23:59:59.999999""}",not_applicable,0,0,0,,,,0,,,
JPM::20250605::resistance::1::probe::2025-06-10T00:00:00,JPM,JPM::20250605::resistance::1,2025-06-10,probe,up,268.6000061035156,268.18263378620145,0.0015562988230136843,3,True,0,inventory,resistance,D,0.02507387726099304,1,"{""source_reason"": ""vp_D"", ""trigger_rule"": ""probe"", ""zone_valid_from"": ""2025-06-05T00:00:00"", ""zone_valid_to"": ""2025-06-11T23:59:59.999999""}",not_applicable,0,0,0,,,,0,,,
JPM::20250605::resistance::1::test::2025-06-11T00:00:00,JPM,JPM::20250605::resistance::1,2025-06-11,test,up,268.1499938964844,268.18263378620145,-0.00012170769320990298,4,False,1,inventory,resistance,D,0.02507387726099304,1,"{""source_reason"": ""vp_D"", ""trigger_rule"": ""test"", ""zone_valid_from"": ""2025-06-05T00:00:00"", ""zone_valid_to"": ""2025-06-11T23:59:59.999999""}",not_applicable,0,0,0,,,,0,,,
JPM::20250707::support::3::probe::2025-07-08T00:00:00,JPM,JPM::20250707::support::3,2025-07-08,probe,down,282.7799987792969,285.4431179666519,-0.00932977192207584,1,True,0,inventory,support,D,0.021561742695416143,1,"{""source_reason"": ""vp_D"", ""trigger_rule"": ""probe"", ""zone_valid_from"": ""2025-07-07T00:00:00"", ""zone_valid_to"": ""2025-07-13T23:59:59.999999""}",not_applicable,0,0,0,,,,0,,,
JPM::20250707::support::3::breakout_down::2025-07-09T00:00:00,JPM,JPM::20250707::support::3,2025-07-09,breakout_down,down,283.1600036621094,285.4431179666519,-0.007998491330974338,2,False,1,inventory,support,D,0.021561742695416143,1,"{""source_reason"": ""vp_D"", ""trigger_rule"": ""breakout_down"", ""zone_valid_from"": ""2025-07-07T00:00:00"", ""zone_valid_to"": ""2025-07-13T23:59:59.999999""}",success,1,0,0,0.15687243111478072,-0.043579588142030674,0.04495695303606034,0,,1.0,2025-02-05
JPM::20250707::support::3::failed_breakout_down::2025-07-10T00:00:00,JPM,JPM::20250707::support::3,2025-07-10,failed_breakout_down,down,288.19000244140625,285.4431179666519,0.009623228944252356,3,False,2,inventory,support,D,0.021561742695416143,1,"{""source_reason"": ""vp_D"", ""trigger_rule"": ""failed_breakout_down"", ""zone_valid_from"": ""2025-07-07T00:00:00"", ""zone_valid_to"": ""2025-07-13T23:59:59.999999""}",not_applicable,0,0,0,,,,0,,,
JPM::20250707::support::3::test::2025-07-10T00:00:00,JPM,JPM::20250707::support::3,2025-07-10,test,down,288.19000244140625,285.4431179666519,0.009623228944252356,3,False,2,inventory,support,D,0.021561742695416143,1,"{""source_reason"": ""vp_D"", ""trigger_rule"": ""test"", ""zone_valid_from"": ""2025-07-07T00:00:00"", ""zone_valid_to"": ""2025-07-13T23:59:59.999999""}",not_applicable,0,0,0,,,,0,,,
JPM::20250714::resistance::1::test::2025-07-15T00:00:00,JPM,JPM::20250714::resistance::1,2025-07-15,test,up,286.54998779296875,289.3029017130534,-0.009515680291430875,1,True,0,composite,resistance,D,0.015187971496484393,2,"{""source_reason"": ""avwap_D,vp_D"", ""trigger_rule"": ""test"", ""zone_valid_from"": ""2025-07-14T00:00:00"", ""zone_valid_to"": ""2025-07-20T23:59:59.999999""}",not_applicable,0,0,0,,,,0,,,
JPM::20250714::resistance::1::probe::2025-07-17T00:00:00,JPM,JPM::20250714::resistance::1,2025-07-17,probe,up,289.8999938964844,289.3029017130534,0.0020638997393230027,3,False,1,composite,resistance,D,0.015187971496484393,2,"{""source_reason"": ""avwap_D,vp_D"", ""trigger_rule"": ""probe"", ""zone_valid_from"": ""2025-07-14T00:00:00"", ""zone_valid_to"": ""2025-07-20T23:59:59.999999""}",not_applicable,0,0,0,,,,0,,,
JPM::20250714::resistance::1::breakout_up::2025-07-18T00:00:00,JPM,JPM::20250714::resistance::1,2025-07-18,breakout_up,up,291.2699890136719,289.3029017130534,0.006799403977529147,4,False,2,composite,resistance,D,0.015187971496484393,2,"{""source_reason"": ""avwap_D,vp_D"", ""trigger_rule"": ""breakout_up"", ""zone_valid_from"": ""2025-07-14T00:00:00"", ""zone_valid_to"": ""2025-07-20T23:59:59.999999""}",failure,0,1,0,-0.04367082672601077,0.1803480808249082,-0.053112238830678095,1,1.0,,2025-02-07
JPM::20250728::support::3::test::2025-07-31T00:00:00,JPM,JPM::20250728::support::3,2025-07-31,test,down,296.239990234375,296.13263689124136,0.00036251776994463997,3,True,0,cost,support,D,0.00999999999999989,1,"{""source_reason"": ""avwap_D"", ""trigger_rule"": ""test"", ""zone_valid_from"": ""2025-07-28T00:00:00"", ""zone_valid_to"": ""2025-08-03T23:59:59.999999""}",not_applicable,0,0,0,,,,0,,,
JPM::20250728::support::3::probe::2025-08-01T00:00:00,JPM,JPM::20250728::support::3,2025-08-01,probe,down,289.3699951171875,296.13263689124136,-0.022836529755879395,4,False,1,cost,support,D,0.00999999999999989,1,"{""source_reason"": ""avwap_D"", ""trigger_rule"": ""probe"", ""zone_valid_from"": ""2025-07-28T00:00:00"", ""zone_valid_to"": ""2025-08-03T23:59:59.999999""}",not_applicable,0,0,0,,,,0,,,
JPM::20250811::resistance::1::test::2025-08-12T00:00:00,JPM,JPM::20250811::resistance::1,2025-08-12,test,up,292.8500061035156,294.6994682055488,-0.006275756496252595,1,True,0,composite,resistance,"D,W",0.03936042241242644,4,"{""source_reason"": ""avwap_D,avwap_W,vp_D,vp_W"", ""trigger_rule"": ""test"", ""zone_valid_from"": ""2025-08-11T00:00:00"", ""zone_valid_to"": ""2025-08-17T23:59:59.999999""}",not_applicable,0,0,0,,,,0,,,
JPM::20250818::resistance::1::probe::2025-08-22T00:00:00,JPM,JPM::20250818::resistance::1,2025-08-22,probe,up,296.239990234375,294.19013698626105,0.0069677837235232595,4,True,0,composite,resistance,"D,W",0.016233674480688496,2,"{""source_reason"": ""avwap_D,avwap_W"", ""trigger_rule"": ""probe"", ""zone_valid_from"": ""2025-08-18T00:00:00"", ""zone_valid_to"": ""2025-08-24T23:59:59.999999""}",not_applicable,0,0,0,,,,0,,,
JPM::20250902::support::3::test::2025-09-02T00:00:00,JPM,JPM::20250902::support::3,2025-09-02,test,down,299.70001220703125,296.0028178405762,0.01249040260301278,0,True,0,inventory,support,D,0.012617423167620108,1,"{""source_reason"": ""vp_D"", ""trigger_rule"": ""test"", ""zone_valid_from"": ""2025-09-02T00:00:00"", ""zone_valid_to"": ""2025-09-08T23:59:59.999999""}",not_applicable,0,0,0,,,,0,,,
JPM::20250902::support::3::probe::2025-09-05T00:00:00,JPM,JPM::20250902::support::3,2025-09-05,probe,down,294.3800048828125,296.0028178405762,-0.0054824240174555635,3,False,1,inventory,support,D,0.012617423167620108,1,"{""source_reason"": ""vp_D"", ""trigger_rule"": ""probe"", ""zone_valid_from"": ""2025-09-02T00:00:00"", ""zone_valid_to"": ""2025-09-08T23:59:59.999999""}",not_applicable,0,0,0,,,,0,,,
JPM::20250902::support::3::breakout_down::2025-09-08T00:00:00,JPM,JPM::20250902::support::3,2025-09-08,breakout_down,down,292.9100036621094,296.0028178405762,-0.0104485970810338,4,False,2,inventory,support,D,0.012617423167620108,1,"{""source_reason"": ""vp_D"", ""trigger_rule"": ""breakout_down"", ""zone_valid_from"": ""2025-09-02T00:00:00"", ""zone_valid_to"": ""2025-09-08T23:59:59.999999""}",success,1,0,0,0.18493734420704153,-0.04902535143765807,0.05841390070404743,0,,1.0,2025-02-07
JPM::20250909::resistance::1::probe::2025-09-10T00:00:00,JPM,JPM::20250909::resistance::1,2025-09-10,probe,up,300.5400085449219,299.66791684150695,0.0029101937658417044,1,True,0,composite,resistance,"D,W",0.017416478676104165,3,"{""source_reason"": ""avwap_D,avwap_W,vp_D"", ""trigger_rule"": ""probe"", ""zone_valid_from"": ""2025-09-09T00:00:00"", ""zone_valid_to"": ""2025-09-15T23:59:59.999999""}",not_applicable,0,0,0,,,,0,,,
JPM::20250909::resistance::1::breakout_up::2025-09-11T00:00:00,JPM,JPM::20250909::resistance::1,2025-09-11,breakout_up,up,305.55999755859375,299.66791684150695,0.01966203382460557,2,False,1,composite,resistance,"D,W",0.017416478676104165,3,"{""source_reason"": ""avwap_D,avwap_W,vp_D"", ""trigger_rule"": ""breakout_up"", ""zone_valid_from"": ""2025-09-09T00:00:00"", ""zone_valid_to"": ""2025-09-15T23:59:59.999999""}",failure,0,1,0,-0.11369286068839331,0.21868043133694678,-0.11496925370957964,1,1.0,,2025-02-05
JPM::20250923::resistance::1::test::2025-09-23T00:00:00,JPM,JPM::20250923::resistance::1,2025-09-23,test,up,312.739990234375,314.4753581283998,-0.005518295310490657,0,True,0,composite,resistance,"D,W",0.012214877329956384,3,"{""source_reason"": ""avwap_D,avwap_W,vp_D"", ""trigger_rule"": ""test"", ""zone_valid_from"": ""2025-09-23T00:00:00"", ""zone_valid_to"": ""2025-09-29T23:59:59.999999""}",not_applicable,0,0,0,,,,0,,,
JPM::20250923::resistance::1::probe::2025-09-26T00:00:00,JPM,JPM::20250923::resistance::1,2025-09-26,probe,up,316.05999755859375,314.4753581283998,0.005038993960051157,3,False,1,composite,resistance,"D,W",0.012214877329956384,3,"{""source_reason"": ""avwap_D,avwap_W,vp_D"", ""trigger_rule"": ""probe"", ""zone_valid_from"": ""2025-09-23T00:00:00"", ""zone_valid_to"": ""2025-09-29T23:59:59.999999""}",not_applicable,0,0,0,,,,0,,,
JPM::20250923::resistance::1::breakout_up::2025-09-29T00:00:00,JPM,JPM::20250923::resistance::1,2025-09-29,breakout_up,up,315.69000244140625,314.4753581283998,0.0038624467119948197,4,False,2,composite,resistance,"D,W",0.012214877329956384,3,"{""source_reason"": ""avwap_D,avwap_W,vp_D"", ""trigger_rule"": ""breakout_up"", ""zone_valid_from"": ""2025-09-23T00:00:00"", ""zone_valid_to"": ""2025-09-29T23:59:59.999999""}",failure,0,1,0,-0.11764710431503413,0.2437517702592578,-0.1263581815703565,1,1.0,,2025-02-07
JPM::20250930::support::3::test::2025-10-02T00:00:00,JPM,JPM::20250930::support::3,2025-10-02,test,down,307.54998779296875,306.7395123234528,0.00264222715677175,2,True,0,composite,support,D,0.03091851006683538,2,"{""source_reason"": ""avwap_D,vp_D"", ""trigger_rule"": ""test"", ""zone_valid_from"": ""2025-09-30T00:00:00"", ""zone_valid_to"": ""2025-10-06T23:59:59.999999""}",not_applicable,0,0,0,,,,0,,,
JPM::20251007::support::4::test::2025-10-07T00:00:00,JPM,JPM::20251007::support::4,2025-10-07,test,down,307.69000244140625,307.2934712379876,0.0012903990502015834,0,True,0,cost,support,D,0.009999999999999922,1,"{""source_reason"": ""avwap_D"", ""trigger_rule"": ""test"", ""zone_valid_from"": ""2025-10-07T00:00:00"", ""zone_valid_to"": ""2025-10-13T23:59:59.999999""}",not_applicable,0,0,0,,,,0,,,
JPM::20251007::support::4::probe::2025-10-08T00:00:00,JPM,JPM::20251007::support::4,2025-10-08,probe,down,304.0299987792969,307.2934712379876,-0.010620051397588228,1,False,1,cost,support,D,0.009999999999999922,1,"{""source_reason"": ""avwap_D"", ""trigger_rule"": ""probe"", ""zone_valid_from"": ""2025-10-07T00:00:00"", ""zone_valid_to"": ""2025-10-13T23:59:59.999999""}",not_applicable,0,0,0,,,,0,,,
JPM::20251007::support::4::breakout_down::2025-10-09T00:00:00,JPM,JPM::20251007::support::4,2025-10-09,breakout_down,down,305.5299987792969,307.2934712379876,-0.00573872413099523,2,False,2,cost,support,D,0.009999999999999922,1,"{""source_reason"": ""avwap_D"", ""trigger_rule"": ""breakout_down"", ""zone_valid_from"": ""2025-10-07T00:00:00"", ""zone_valid_to"": ""2025-10-13T23:59:59.999999""}",success,1,0,0,0.2186037166660657,-0.11360583770417676,0.11488235604933354,0,,1.0,2025-02-05
JPM::20251007::support::4::retest_down::2025-10-10T00:00:00,JPM,JPM::20251007::support::4,2025-10-10,retest_down,down,300.8900146484375,307.2934712379876,-0.02083824483401035,3,False,3,cost,support,D,0.009999999999999922,1,"{""source_reason"": ""avwap_D"", ""trigger_rule"": ""retest_down"", ""zone_valid_from"": ""2025-10-07T00:00:00"", ""zone_valid_to"": ""2025-10-13T23:59:59.999999""}",not_applicable,0,0,0,,,,0,,,
JPM::20251007::support::4::failed_breakout_down::2025-10-13T00:00:00,JPM,JPM::20251007::support::4,2025-10-13,failed_breakout_down,down,307.9700012207031,307.2934712379876,0.0022015761675313107,4,False,3,cost,support,D,0.009999999999999922,1,"{""source_reason"": ""avwap_D"", ""trigger_rule"": ""failed_breakout_down"", ""zone_valid_from"": ""2025-10-07T00:00:00"", ""zone_valid_to"": ""2025-10-13T23:59:59.999999""}",not_applicable,0,0,0,,,,0,,,
JPM::20251007::support::4::test::2025-10-13T00:00:00,JPM,JPM::20251007::support::4,2025-10-13,test,down,307.9700012207031,307.2934712379876,0.0022015761675313107,4,False,3,cost,support,D,0.009999999999999922,1,"{""source_reason"": ""avwap_D"", ""trigger_rule"": ""test"", ""zone_valid_from"": ""2025-10-07T00:00:00"", ""zone_valid_to"": ""2025-10-13T23:59:59.999999""}",not_applicable,0,0,0,,,,0,,,
JPM::20251125::resistance::1::test::2025-11-28T00:00:00,JPM,JPM::20251125::resistance::1,2025-11-28,test,up,313.0799865722656,313.4282308387756,-0.0011110813648727363,2,True,0,composite,resistance,"D,W",0.08734432884279056,4,"{""source_reason"": ""avwap_D,avwap_W,vp_D,vp_W"", ""trigger_rule"": ""test"", ""zone_valid_from"": ""2025-11-25T00:00:00"", ""zone_valid_to"": ""2025-12-02T23:59:59.999999""}",not_applicable,0,0,0,,,,0,,,
JPM::20251203::resistance::1::probe::2025-12-04T00:00:00,JPM,JPM::20251203::resistance::1,2025-12-04,probe,up,316.1000061035156,313.89392768859864,0.00702810159840221,1,True,0,inventory,resistance,D,0.02276950316446255,1,"{""source_reason"": ""vp_D"", ""trigger_rule"": ""probe"", ""zone_valid_from"": ""2025-12-03T00:00:00"", ""zone_valid_to"": ""2025-12-09T23:59:59.999999""}",not_applicable,0,0,0,,,,0,,,
JPM::20251203::resistance::1::breakout_up::2025-12-05T00:00:00,JPM,JPM::20251203::resistance::1,2025-12-05,breakout_up,up,315.0400085449219,313.89392768859864,0.0036511724351043122,2,False,1,inventory,resistance,D,0.02276950316446255,1,"{""source_reason"": ""vp_D"", ""trigger_rule"": ""breakout_up"", ""zone_valid_from"": ""2025-12-03T00:00:00"", ""zone_valid_to"": ""2025-12-09T23:59:59.999999""}",failure,0,1,0,-0.140363128559266,0.24219147086798698,-0.14160111306237358,1,1.0,,2025-02-05
JPM::20251203::resistance::1::retest_up::2025-12-08T00:00:00,JPM,JPM::20251203::resistance::1,2025-12-08,retest_up,up,315.2099914550781,313.89392768859864,0.004192702216861936,3,False,2,inventory,resistance,D,0.02276950316446255,1,"{""source_reason"": ""vp_D"", ""trigger_rule"": ""retest_up"", ""zone_valid_from"": ""2025-12-03T00:00:00"", ""zone_valid_to"": ""2025-12-09T23:59:59.999999""}",not_applicable,0,0,0,,,,0,,,
JPM::20251203::resistance::1::failed_breakout_up::2025-12-09T00:00:00,JPM,JPM::20251203::resistance::1,2025-12-09,failed_breakout_up,up,300.510009765625,313.89392768859864,-0.04263834608566011,4,False,2,inventory,resistance,D,0.02276950316446255,1,"{""source_reason"": ""vp_D"", ""trigger_rule"": ""failed_breakout_up"", ""zone_valid_from"": ""2025-12-03T00:00:00"", ""zone_valid_to"": ""2025-12-09T23:59:59.999999""}",not_applicable,0,0,0,,,,0,,,
JPM::20251203::resistance::1::test::2025-12-09T00:00:00,JPM,JPM::20251203::resistance::1,2025-12-09,test,up,300.510009765625,313.89392768859864,-0.04263834608566011,4,False,2,inventory,resistance,D,0.02276950316446255,1,"{""source_reason"": ""vp_D"", ""trigger_rule"": ""test"", ""zone_valid_from"": ""2025-12-03T00:00:00"", ""zone_valid_to"": ""2025-12-09T23:59:59.999999""}",not_applicable,0,0,0,,,,0,,,
JPM::20251210::resistance::1::test::2025-12-12T00:00:00,JPM,JPM::20251210::resistance::1,2025-12-12,test,up,318.5199890136719,318.9055316670736,-0.001208955678461613,2,True,0,composite,resistance,"D,W",0.05741276388833114,4,"{""source_reason"": ""avwap_D,avwap_W,vp_D,vp_W"", ""trigger_rule"": ""test"", ""zone_valid_from"": ""2025-12-10T00:00:00"", ""zone_valid_to"": ""2025-12-16T23:59:59.999999""}",not_applicable,0,0,0,,,,0,,,
JPM::20251210::resistance::1::probe::2025-12-15T00:00:00,JPM,JPM::20251210::resistance::1,2025-12-15,probe,up,320.0199890136719,318.9055316670736,0.003494631594417518,3,False,1,composite,resistance,"D,W",0.05741276388833114,4,"{""source_reason"": ""avwap_D,avwap_W,vp_D,vp_W"", ""trigger_rule"": ""probe"", ""zone_valid_from"": ""2025-12-10T00:00:00"", ""zone_valid_to"": ""2025-12-16T23:59:59.999999""}",not_applicable,0,0,0,,,,0,,,
JPM::20251217::resistance::1::probe::2025-12-22T00:00:00,JPM,JPM::20251217::resistance::1,2025-12-22,probe,up,323.0899963378906,320.3135351611253,0.008667948344326793,3,True,0,cost,resistance,D,0.00999999999999994,1,"{""source_reason"": ""avwap_D"", ""trigger_rule"": ""probe"", ""zone_valid_from"": ""2025-12-17T00:00:00"", ""zone_valid_to"": ""2025-12-23T23:59:59.999999""}",not_applicable,0,0,0,,,,0,,,
JPM::20251217::resistance::1::breakout_up::2025-12-23T00:00:00,JPM,JPM::20251217::resistance::1,2025-12-23,breakout_up,up,325.92999267578125,320.3135351611253,0.017534249721388614,4,False,1,cost,resistance,D,0.00999999999999994,1,"{""source_reason"": ""avwap_D"", ""trigger_rule"": ""breakout_up"", ""zone_valid_from"": ""2025-12-17T00:00:00"", ""zone_valid_to"": ""2025-12-23T23:59:59.999999""}",failure,0,1,0,-0.1453686556853445,0.26751139552029324,-0.1538060504075159,1,1.0,,2025-02-07
MSFT::20250620::support::3::test::2025-06-23T00:00:00,MSFT,MSFT::20250620::support::3,2025-06-23,test,down,486.0,475.4872868474325,0.022109346439667686,1,True,0,inventory,support,D,0.014340458566312133,1,"{""source_reason"": ""vp_D"", ""trigger_rule"": ""test"", ""zone_valid_from"": ""2025-06-20T00:00:00"", ""zone_valid_to"": ""2025-06-26T23:59:59.999999""}",not_applicable,0,0,0,,,,0,,,
MSFT::20250804::resistance::1::test::2025-08-04T00:00:00,MSFT,MSFT::20250804::resistance::1,2025-08-04,test,up,535.6400146484375,538.1571962796711,-0.004677409590794474,0,True,0,cost,resistance,D,0.01000000000000018,1,"{""source_reason"": ""avwap_D"", ""trigger_rule"": ""test"", ""zone_valid_from"": ""2025-08-04T00:00:00"", ""zone_valid_to"": ""2025-08-10T23:59:59.999999""}",not_applicable,0,0,0,,,,0,,,
MSFT::20250916::resistance::1::test::2025-09-19T00:00:00,MSFT,MSFT::20250916::resistance::1,2025-09-19,test,up,517.9299926757812,518.0181421723656,-0.00017016681349173217,3,True,0,cost,resistance,W,0.009999999999999913,1,"{""source_reason"": ""avwap_W"", ""trigger_rule"": ""test"", ""zone_valid_from"": ""2025-09-16T00:00:00"", ""zone_valid_to"": ""2025-09-22T23:59:59.999999""}",not_applicable,0,0,0,,,,0,,,
MSFT::20250930::resistance::1::test::2025-09-30T00:00:00,MSFT,MSFT::20250930::resistance::1,2025-09-30,test,up,517.9500122070312,517.5393157093071,0.0007935561323709557,0,True,0,cost,resistance,W,0.009999999999999919,1,"{""source_reason"": ""avwap_W"", ""trigger_rule"": ""test"", ""zone_valid_from"": ""2025-09-30T00:00:00"", ""zone_valid_to"": ""2025-10-06T23:59:59.999999""}",not_applicable,0,0,0,,,,0,,,
MSFT::20250930::resistance::1::probe::2025-10-01T00:00:00,MSFT,MSFT::20250930::resistance::1,2025-10-01,probe,up,519.7100219726562,517.5393157093071,0.004194282825400722,1,False,1,cost,resistance,W,0.009999999999999919,1,"{""source_reason"": ""avwap_W"", ""trigger_rule"": ""probe"", ""zone_valid_from"": ""2025-09-30T00:00:00"", ""zone_valid_to"": ""2025-10-06T23:59:59.999999""}",not_applicable,0,0,0,,,,0,,,
MSFT::20251014::resistance::1::test::2025-10-20T00:00:00,MSFT,MSFT::20251014::resistance::1,2025-10-20,test,up,516.7899780273438,517.8129703309106,-0.0019756019300040295,4,True,0,composite,resistance,"D,W",0.01050936941495777,2,"{""source_reason"": ""avwap_D,avwap_W"", ""trigger_rule"": ""test"", ""zone_valid_from"": ""2025-10-14T00:00:00"", ""zone_valid_to"": ""2025-10-20T23:59:59.999999""}",not_applicable,0,0,0,,,,0,,,
MSFT::20251104::support::3::probe::2025-11-06T00:00:00,MSFT,MSFT::20251104::support::3,2025-11-06,probe,down,497.1000061035156,497.95195315277823,-0.0017109021138857084,2,True,0,composite,support,"D,W",0.013084407572974254,2,"{""source_reason"": ""avwap_D,avwap_W"", ""trigger_rule"": ""probe"", ""zone_valid_from"": ""2025-11-04T00:00:00"", ""zone_valid_to"": ""2025-11-10T23:59:59.999999""}",not_applicable,0,0,0,,,,0,,,
MSFT::20251104::support::4::test::2025-11-07T00:00:00,MSFT,MSFT::20251104::support::4,2025-11-07,test,down,496.82000732421875,495.0546367073059,0.003566011680356371,3,True,0,composite,support,"D,W",0.06647136365014181,3,"{""source_reason"": ""avwap_W,vp_D,vp_W"", ""trigger_rule"": ""test"", ""zone_valid_from"": ""2025-11-04T00:00:00"", ""zone_valid_to"": ""2025-11-10T23:59:59.999999""}",not_applicable,0,0,0,,,,0,,,
MSFT::20251111::support::4::test::2025-11-12T00:00:00,MSFT,MSFT::20251111::support::4,2025-11-12,test,down,511.1400146484375,499.5004540746779,0.02330240238784529,1,True,0,composite,support,"D,W",0.011266378499539978,2,"{""source_reason"": ""avwap_D,avwap_W"", ""trigger_rule"": ""test"", ""zone_valid_from"": ""2025-11-11T00:00:00"", ""zone_valid_to"": ""2025-11-17T23:59:59.999999""}",not_applicable,0,0,0,,,,0,,,
MSFT::20251118::support::3::test::2025-11-18T00:00:00,MSFT,MSFT::20251118::support::3,2025-11-18,test,down,493.7900085449219,493.25397595264883,0.001086727362385221,0,True,0,cost,support,W,0.009999999999999962,1,"{""source_reason"": ""avwap_W"", ""trigger_rule"": ""test"", ""zone_valid_from"": ""2025-11-18T00:00:00"", ""zone_valid_to"": ""2025-11-24T23:59:59.999999""}",not_applicable,0,0,0,,,,0,,,
MSFT::20251118::support::4::probe::2025-11-18T00:00:00,MSFT,MSFT::20251118::support::4,2025-11-18,probe,down,493.7900085449219,499.75674999283393,-0.011939291361242473,0,True,0,composite,support,"D,W",0.019603855335282132,3,"{""source_reason"": ""avwap_D,avwap_W,vp_D"", ""trigger_rule"": ""probe"", ""zone_valid_from"": ""2025-11-18T00:00:00"", ""zone_valid_to"": ""2025-11-24T23:59:59.999999""}",not_applicable,0,0,0,,,,0,,,
MSFT::20251118::support::2::test::2025-11-19T00:00:00,MSFT,MSFT::20251118::support::2,2025-11-19,test,down,487.1199951171875,486.4872525808126,0.0013006353877068916,1,True,0,cost,support,W,0.009999999999999907,1,"{""source_reason"": ""avwap_W"", ""trigger_rule"": ""test"", ""zone_valid_from"": ""2025-11-18T00:00:00"", ""zone_valid_to"": ""2025-11-24T23:59:59.999999""}",not_applicable,0,0,0,,,,0,,,
MSFT::20251118::support::3::probe::2025-11-19T00:00:00,MSFT,MSFT::20251118::support::3,2025-11-19,probe,down,487.1199951171875,493.25397595264883,-0.012435745345213753,1,False,1,cost,support,W,0.009999999999999962,1,"{""source_reason"": ""avwap_W"", ""trigger_rule"": ""probe"", ""zone_valid_from"": ""2025-11-18T00:00:00"", ""zone_valid_to"": ""2025-11-24T23:59:59.999999""}",not_applicable,0,0,0,,,,0,,,
MSFT::20251118::support::4::breakout_down::2025-11-19T00:00:00,MSFT,MSFT::20251118::support::4,2025-11-19,breakout_down,down,487.1199951171875,499.75674999283393,-0.025285811298852153,1,False,1,composite,support,"D,W",0.019603855335282132,3,"{""source_reason"": ""avwap_D,avwap_W,vp_D"", ""trigger_rule"": ""breakout_down"", ""zone_valid_from"": ""2025-11-18T00:00:00"", ""zone_valid_to"": ""2025-11-24T23:59:59.999999""}",success,1,0,0,0.16106912514688057,-0.07952863898566766,0.1534529494770939,0,,1.0,2025-02-04
MSFT::20251118::support::2::probe::2025-11-20T00:00:00,MSFT,MSFT::20251118::support::2,2025-11-20,probe,down,478.42999267578125,486.4872525808126,-0.016562119279154013,2,False,1,cost,support,W,0.009999999999999907,1,"{""source_reason"": ""avwap_W"", ""trigger_rule"": ""probe"", ""zone_valid_from"": ""2025-11-18T00:00:00"", ""zone_valid_to"": ""2025-11-24T23:59:59.999999""}",not_applicable,0,0,0,,,,0,,,
MSFT::20251118::support::3::breakout_down::2025-11-20T00:00:00,MSFT,MSFT::20251118::support::3,2025-11-20,breakout_down,down,478.42999267578125,493.25397595264883,-0.030053449134874576,2,False,2,cost,support,W,0.009999999999999962,1,"{""source_reason"": ""avwap_W"", ""trigger_rule"": ""breakout_down"", ""zone_valid_from"": ""2025-11-18T00:00:00"", ""zone_valid_to"": ""2025-11-24T23:59:59.999999""}",success,1,0,0,0.14583113534220474,-0.06280958186777558,0.1361536382084702,0,,1.0,2025-02-05
MSFT::20251118::support::2::breakout_down::2025-11-21T00:00:00,MSFT,MSFT::20251118::support::2,2025-11-21,breakout_down,down,472.1199951171875,486.4872525808126,-0.029532649390928253,3,False,2,cost,support,W,0.009999999999999907,1,"{""source_reason"": ""avwap_W"", ""trigger_rule"": ""breakout_down"", ""zone_valid_from"": ""2025-11-18T00:00:00"", ""zone_valid_to"": ""2025-11-24T23:59:59.999999""}",success,1,0,0,0.13441496253368038,-0.05028380598132127,0.11924931876480728,0,,1.0,2025-02-06
MSFT::20251118::support::4::probe::2025-11-24T00:00:00,MSFT,MSFT::20251118::support::4,2025-11-24,probe,down,474.0,499.75674999283393,-0.05153857350241545,4,False,2,composite,support,"D,W",0.019603855335282132,3,"{""source_reason"": ""avwap_D,avwap_W,vp_D"", ""trigger_rule"": ""probe"", ""zone_valid_from"": ""2025-11-18T00:00:00"", ""zone_valid_to"": ""2025-11-24T23:59:59.999999""}",not_applicable,0,0,0,,,,0,,,
MSFT::20251125::resistance::1::probe::2025-11-26T00:00:00,MSFT,MSFT::20251125::resistance::1,2025-11-26,probe,up,485.5,484.4316490115888,0.0022053699228591645,1,True,0,composite,resistance,"D,W",0.010269845261724656,2,"{""source_reason"": ""avwap_D,avwap_W"", ""trigger_rule"": ""probe"", ""zone_valid_from"": ""2025-11-25T00:00:00"", ""zone_valid_to"": ""2025-12-02T23:59:59.999999""}",not_applicable,0,0,0,,,,0,,,
MSFT::20251125::resistance::1::breakout_up::2025-11-28T00:00:00,MSFT,MSFT::20251125::resistance::1,2025-11-28,breakout_up,up,492.010009765625,484.4316490115888,0.015643818419995372,2,False,1,composite,resistance,"D,W",0.010269845261724656,2,"{""source_reason"": ""avwap_D,avwap_W"", ""trigger_rule"": ""breakout_up"", ""zone_valid_from"": ""2025-11-25T00:00:00"", ""zone_valid_to"": ""2025-12-02T23:59:59.999999""}",failure,0,1,0,-0.08867706757347515,0.16940713491422751,-0.15999674733894614,1,1.0,,2025-02-05
MSFT::20251125::resistance::2::probe::2025-11-28T00:00:00,MSFT,MSFT::20251125::resistance::2,2025-11-28,probe,up,492.010009765625,490.44586400086285,0.003189232246761068,2,True,0,cost,resistance,D,0.01000000000000004,1,"{""source_reason"": ""avwap_D"", ""trigger_rule"": ""probe"", ""zone_valid_from"": ""2025-11-25T00:00:00"", ""zone_valid_to"": ""2025-12-02T23:59:59.999999""}",not_applicable,0,0,0,,,,0,,,
MSFT::20251125::resistance::1::retest_up::2025-12-01T00:00:00,MSFT,MSFT::20251125::resistance::1,2025-12-01,retest_up,up,486.739990234375,484.4316490115888,0.0047650503997747765,3,False,2,composite,resistance,"D,W",0.010269845261724656,2,"{""source_reason"": ""avwap_D,avwap_W"", ""trigger_rule"": ""retest_up"", ""zone_valid_from"": ""2025-11-25T00:00:00"", ""zone_valid_to"": ""2025-12-02T23:59:59.999999""}",not_applicable,0,0,0,,,,0,,,
MSFT::20251125::resistance::2::test::2025-12-02T00:00:00,MSFT,MSFT::20251125::resistance::2,2025-12-02,test,up,490.0,490.44586400086285,-0.0009090993187824508,4,False,1,cost,resistance,D,0.01000000000000004,1,"{""source_reason"": ""avwap_D"", ""trigger_rule"": ""test"", ""zone_valid_from"": ""2025-11-25T00:00:00"", ""zone_valid_to"": ""2025-12-02T23:59:59.999999""}",not_applicable,0,0,0,,,,0,,,
MSFT::20251203::support::5::probe::2025-12-03T00:00:00,MSFT,MSFT::20251203::support::5,2025-12-03,probe,down,477.7300109863281,479.819196326834,-0.004354109540633733,0,True,0,composite,support,"D,W",0.02381731751285536,3,"{""source_reason"": ""avwap_D,avwap_W,vp_D"", ""trigger_rule"": ""probe"", ""zone_valid_from"": ""2025-12-03T00:00:00"", ""zone_valid_to"": ""2025-12-09T23:59:59.999999""}",not_applicable,0,0,0,,,,0,,,
MSFT::20251203::support::5::test::2025-12-04T00:00:00,MSFT,MSFT::20251203::support::5,2025-12-04,test,down,480.8399963378906,479.819196326834,0.0021274680522812865,1,False,1,composite,support,"D,W",0.02381731751285536,3,"{""source_reason"": ""avwap_D,avwap_W,vp_D"", ""trigger_rule"": ""test"", ""zone_valid_from"": ""2025-12-03T00:00:00"", ""zone_valid_to"": ""2025-12-09T23:59:59.999999""}",not_applicable,0,0,0,,,,0,,,
MSFT::20251210::support::3::probe::2025-12-10T00:00:00,MSFT,MSFT::20251210::support::3,2025-12-10,probe,down,478.55999755859375,479.8647041312118,-0.00271890506091753,0,True,0,composite,support,"D,W",0.01699542403076627,2,"{""source_reason"": ""avwap_D,avwap_W"", ""trigger_rule"": ""probe"", ""zone_valid_from"": ""2025-12-10T00:00:00"", ""zone_valid_to"": ""2025-12-16T23:59:59.999999""}",not_applicable,0,0,0,,,,0,,,
MSFT::20251210::support::3::test::2025-12-11T00:00:00,MSFT,MSFT::20251210::support::3,2025-12-11,test,down,483.4700012207031,479.8647041312118,0.00751315330853239,1,False,1,composite,support,"D,W",0.01699542403076627,2,"{""source_reason"": ""avwap_D,avwap_W"", ""trigger_rule"": ""test"", ""zone_valid_from"": ""2025-12-10T00:00:00"", ""zone_valid_to"": ""2025-12-16T23:59:59.999999""}",not_applicable,0,0,0,,,,0,,,
MSFT::20251210::support::3::breakout_down::2025-12-15T00:00:00,MSFT,MSFT::20251210::support::3,2025-12-15,breakout_down,down,474.82000732421875,479.8647041312118,-0.010512748204989148,3,False,2,composite,support,"D,W",0.01699542403076627,2,"{""source_reason"": ""avwap_D,avwap_W"", ""trigger_rule"": ""breakout_down"", ""zone_valid_from"": ""2025-12-10T00:00:00"", ""zone_valid_to"": ""2025-12-16T23:59:59.999999""}",success,1,0,0,0.13933701748362448,-0.05568426358106761,0.12425761149469287,0,,1.0,2025-02-06
MSFT::20251210::support::3::probe::2025-12-16T00:00:00,MSFT,MSFT::20251210::support::3,2025-12-16,probe,down,476.3900146484375,479.8647041312118,-0.007240977410633213,4,False,3,composite,support,"D,W",0.01699542403076627,2,"{""source_reason"": ""avwap_D,avwap_W"", ""trigger_rule"": ""probe"", ""zone_valid_from"": ""2025-12-10T00:00:00"", ""zone_valid_to"": ""2025-12-16T23:59:59.999999""}",not_applicable,0,0,0,,,,0,,,
NVDA::20250521::resistance::1::test::2025-05-21T00:00:00,NVDA,NVDA::20250521::resistance::1,2025-05-21,test,up,131.8000030517578,137.17808874527614,-0.039205136495995455,0,True,0,composite,resistance,"D,W",0.03076649162655901,2,"{""source_reason"": ""vp_D,vp_W"", ""trigger_rule"": ""test"", ""zone_valid_from"": ""2025-05-21T00:00:00"", ""zone_valid_to"": ""2025-05-28T23:59:59.999999""}",not_applicable,0,0,0,,,,0,,,
NVDA::20250521::resistance::1::test::2025-05-28T00:00:00,NVDA,NVDA::20250521::resistance::1,2025-05-28,test,up,134.80999755859375,137.17808874527614,-0.017262896781421583,4,False,1,composite,resistance,"D,W",0.03076649162655901,2,"{""source_reason"": ""vp_D,vp_W"", ""trigger_rule"": ""test"", ""zone_valid_from"": ""2025-05-21T00:00:00"", ""zone_valid_to"": ""2025-05-28T23:59:59.999999""}",not_applicable,0,0,0,,,,0,,,
NVDA::20250529::resistance::1::probe::2025-05-29T00:00:00,NVDA,NVDA::20250529::resistance::1,2025-05-29,probe,up,139.19000244140625,137.17808874527614,0.01466643626932286,0,True,0,inventory,resistance,W,0.030510021422041768,1,"{""source_reason"": ""vp_W"", ""trigger_rule"": ""probe"", ""zone_valid_from"": ""2025-05-29T00:00:00"", ""zone_valid_to"": ""2025-06-04T23:59:59.999999""}",not_applicable,0,0,0,,,,0,,,
NVDA::20250529::resistance::1::test::2025-05-30T00:00:00,NVDA,NVDA::20250529::resistance::1,2025-05-30,test,up,135.1300048828125,137.17808874527614,-0.01493010932866033,1,False,1,inventory,resistance,W,0.030510021422041768,1,"{""source_reason"": ""vp_W"", ""trigger_rule"": ""test"", ""zone_valid_from"": ""2025-05-29T00:00:00"", ""zone_valid_to"": ""2025-06-04T23:59:59.999999""}",not_applicable,0,0,0,,,,0,,,
NVDA::20250529::resistance::1::breakout_up::2025-06-04T00:00:00,NVDA,NVDA::20250529::resistance::1,2025-06-04,breakout_up,up,141.9199981689453,137.17808874527614,0.03456754257944465,4,False,2,inventory,resistance,W,0.030510021422041768,1,"{""source_reason"": ""vp_W"", ""trigger_rule"": ""breakout_up"", ""zone_valid_from"": ""2025-05-29T00:00:00"", ""zone_valid_to"": ""2025-06-04T23:59:59.999999""}",failure,0,1,0,0.049675895875966,0.20370628808985483,-0.08511839055038836,1,1.0,8.0,2025-02-07
NVDA::20250721::support::3::probe::2025-07-22T00:00:00,NVDA,NVDA::20250721::support::3,2025-07-22,probe,down,167.02999877929688,169.69686185677847,-0.015715453122123055,1,True,0,inventory,support,D,0.014316095475194548,1,"{""source_reason"": ""vp_D"", ""trigger_rule"": ""probe"", ""zone_valid_from"": ""2025-07-21T00:00:00"", ""zone_valid_to"": ""2025-07-27T23:59:59.999999""}",not_applicable,0,0,0,,,,0,,,
NVDA::20250721::support::3::test::2025-07-23T00:00:00,NVDA,NVDA::20250721::support::3,2025-07-23,test,down,170.77999877929688,169.69686185677847,0.0063827752067245475,2,False,1,inventory,support,D,0.014316095475194548,1,"{""source_reason"": ""vp_D"", ""trigger_rule"": ""test"", ""zone_valid_from"": ""2025-07-21T00:00:00"", ""zone_valid_to"": ""2025-07-27T23:59:59.999999""}",not_applicable,0,0,0,,,,0,,,
NVDA::20250804::resistance::1::probe::2025-08-04T00:00:00,NVDA,NVDA::20250804::resistance::1,2025-08-04,probe,up,180.0,177.3644132930312,0.01485972669508649,0,True,0,cost,resistance,D,0.009999999999999919,1,"{""source_reason"": ""avwap_D"", ""trigger_rule"": ""probe"", ""zone_valid_from"": ""2025-08-04T00:00:00"", ""zone_valid_to"": ""2025-08-10T23:59:59.999999""}",not_applicable,0,0,0,,,,0,,,
NVDA::20250804::resistance::1::breakout_up::2025-08-05T00:00:00,NVDA,NVDA::20250804::resistance::1,2025-08-05,breakout_up,up,178.25999450683594,177.3644132930312,0.005049385032639659,1,False,1,cost,resistance,D,0.009999999999999919,1,"{""source_reason"": ""avwap_D"", ""trigger_rule"": ""breakout_up"", ""zone_valid_from"": ""2025-08-04T00:00:00"", ""zone_valid_to"": ""2025-08-10T23:59:59.999999""}",failure,0,1,0,-0.14097380454625644,0.3660383393992714,-0.3343991631205346,1,1.0,,2025-02-04
NVDA::20250804::resistance::1::retest_up::2025-08-06T00:00:00,NVDA,NVDA::20250804::resistance::1,2025-08-06,retest_up,up,179.4199981689453,177.3644132930312,0.011589612807604214,2,False,2,cost,resistance,D,0.009999999999999919,1,"{""source_reason"": ""avwap_D"", ""trigger_rule"": ""retest_up"", ""zone_valid_from"": ""2025-08-04T00:00:00"", ""zone_valid_to"": ""2025-08-10T23:59:59.999999""}",not_applicable,0,0,0,,,,0,,,
NVDA::20250804::resistance::1::probe::2025-08-08T00:00:00,NVDA,NVDA::20250804::resistance::1,2025-08-08,probe,up,182.6999969482422,177.3644132930312,0.03008260538936779,4,False,2,cost,resistance,D,0.009999999999999919,1,"{""source_reason"": ""avwap_D"", ""trigger_rule"": ""probe"", ""zone_valid_from"": ""2025-08-04T00:00:00"", ""zone_valid_to"": ""2025-08-10T23:59:59.999999""}",not_applicable,0,0,0,,,,0,,,
NVDA::20250818::resistance::1::test::2025-08-18T00:00:00,NVDA,NVDA::20250818::resistance::1,2025-08-18,test,up,182.00999450683594,182.3025244630404,-0.0016046401829382373,0,True,0,cost,resistance,D,0.009999999999999856,1,"{""source_reason"": ""avwap_D"", ""trigger_rule"": ""test"", ""zone_valid_from"": ""2025-08-18T00:00:00"", ""zone_valid_to"": ""2025-08-24T23:59:59.999999""}",not_applicable,0,0,0,,,,0,,,
NVDA::20250818::support::4::probe::2025-08-19T00:00:00,NVDA,NVDA::20250818::support::4,2025-08-19,probe,down,175.63999938964844,176.79429718971252,-0.006529044309757595,1,True,0,inventory,support,D,0.038231158658234614,1,"{""source_reason"": ""vp_D"", ""trigger_rule"": ""probe"", ""zone_valid_from"": ""2025-08-18T00:00:00"", ""zone_valid_to"": ""2025-08-24T23:59:59.999999""}",not_applicable,0,0,0,,,,0,,,
NVDA::20250818::support::3::test::2025-08-20T00:00:00,NVDA,NVDA::20250818::support::3,2025-08-20,test,down,175.39999389648438,169.4854117457072,0.03489729345939988,2,True,0,inventory,support,D,0.02971759848810258,1,"{""source_reason"": ""vp_D"", ""trigger_rule"": ""test"", ""zone_valid_from"": ""2025-08-18T00:00:00"", ""zone_valid_to"": ""2025-08-24T23:59:59.999999""}",not_applicable,0,0,0,,,,0,,,
NVDA::20250818::support::4::breakout_down::2025-08-20T00:00:00,NVDA,NVDA::20250818::support::4,2025-08-20,breakout_down,down,175.39999389648438,176.79429718971252,-0.007886585231490608,2,False,1,inventory,support,D,0.038231158658234614,1,"{""source_reason"": ""vp_D"", ""trigger_rule"": ""breakout_down"", ""zone_valid_from"": ""2025-08-18T00:00:00"", ""zone_valid_to"": ""2025-08-24T23:59:59.999999""}",success,1,0,0,0.3557012196766354,-0.12696687450750385,0.2883123935299252,0,,1.0,2025-02-05
NVDA::20250818::support::4::retest_down::2025-08-21T00:00:00,NVDA,NVDA::20250818::support::4,2025-08-21,retest_down,down,174.97999572753906,176.79429718971252,-0.010262217113409432,3,False,2,inventory,support,D,0.038231158658234614,1,"{""source_reason"": ""vp_D"", ""trigger_rule"": ""retest_down"", ""zone_valid_from"": ""2025-08-18T00:00:00"", ""zone_valid_to"": ""2025-08-24T23:59:59.999999""}",not_applicable,0,0,0,,,,0,,,
NVDA::20250818::support::4::failed_breakout_down::2025-08-22T00:00:00,NVDA,NVDA::20250818::support::4,2025-08-22,failed_breakout_down,down,177.99000549316406,176.79429718971252,0.0067632741692367,4,False,2,inventory,support,D,0.038231158658234614,1,"{""source_reason"": ""vp_D"", ""trigger_rule"": ""failed_breakout_down"", ""zone_valid_from"": ""2025-08-18T00:00:00"", ""zone_valid_to"": ""2025-08-24T23:59:59.999999""}",not_applicable,0,0,0,,,,0,,,
NVDA::20250818::support::4::test::2025-08-22T00:00:00,NVDA,NVDA::20250818::support::4,2025-08-22,test,down,177.99000549316406,176.79429718971252,0.0067632741692367,4,False,2,inventory,support,D,0.038231158658234614,1,"{""source_reason"": ""vp_D"", ""trigger_rule"": ""test"", ""zone_valid_from"": ""2025-08-18T00:00:00"", ""zone_valid_to"": ""2025-08-24T23:59:59.999999""}",not_applicable,0,0,0,,,,0,,,
NVDA::20250825::resistance::1::test::2025-08-28T00:00:00,NVDA,NVDA::20250825::resistance::1,2025-08-28,test,up,180.1699981689453,183.51018925031025,-0.018201665504299993,3,True,0,composite,resistance,"D,W",0.03856329926377592,3,"{""source_reason"": ""avwap_D,avwap_W,vp_D"", ""trigger_rule"": ""test"", ""zone_valid_from"": ""2025-08-25T00:00:00"", ""zone_valid_to"": ""2025-09-01T23:59:59.999999""}",not_applicable,0,0,0,,,,0,,,
NVDA::20250902::support::4::probe::2025-09-02T00:00:00,NVDA,NVDA::20250902::support::4,2025-09-02,probe,down,170.77999877929688,172.8312917470932,-0.011868759106412306,0,True,0,inventory,support,D,0.012383920869896927,1,"{""source_reason"": ""vp_D"", ""trigger_rule"": ""probe"", ""zone_valid_from"": ""2025-09-02T00:00:00"", ""zone_valid_to"": ""2025-09-08T23:59:59.999999""}",not_applicable,0,0,0,,,,0,,,
NVDA::20250902::support::4::breakout_down::2025-09-03T00:00:00,NVDA,NVDA::20250902::support::4,2025-09-03,breakout_down,down,170.6199951171875,172.8312917470932,-0.01279453857893694,1,False,1,inventory,support,D,0.012383920869896927,1,"{""source_reason"": ""vp_D"", ""trigger_rule"": ""breakout_down"", ""zone_valid_from"": ""2025-09-02T00:00:00"", ""zone_valid_to"": ""2025-09-08T23:59:59.999999""}",success,1,0,0,0.33765088869794285,-0.10250844411501883,0.30459497760279425,0,,1.0,2025-02-04
NVDA::20250902::support::4::probe::2025-09-08T00:00:00,NVDA,NVDA::20250902::support::4,2025-09-08,probe,down,168.30999755859375,172.8312917470932,-0.026160159672448214,4,False,2,inventory,support,D,0.012383920869896927,1,"{""source_reason"": ""vp_D"", ""trigger_rule"": ""probe"", ""zone_valid_from"": ""2025-09-02T00:00:00"", ""zone_valid_to"": ""2025-09-08T23:59:59.999999""}",not_applicable,0,0,0,,,,0,,,
NVDA::20250916::support::4::test::2025-09-16T00:00:00,NVDA,NVDA::20250916::support::4,2025-09-16,test,down,174.8800048828125,174.8220441531717,0.00033154131060276576,0,True,0,composite,support,"D,W",0.013145217118079696,2,"{""source_reason"": ""avwap_D,avwap_W"", ""trigger_rule"": ""test"", ""zone_valid_from"": ""2025-09-16T00:00:00"", ""zone_valid_to"": ""2025-09-22T23:59:59.999999""}",not_applicable,0,0,0,,,,0,,,
NVDA::20250916::support::4::probe::2025-09-17T00:00:00,NVDA,NVDA::20250916::support::4,2025-09-17,probe,down,170.2899932861328,174.8220441531717,-0.02592379518836937,1,False,1,composite,support,"D,W",0.013145217118079696,2,"{""source_reason"": ""avwap_D,avwap_W"", ""trigger_rule"": ""probe"", ""zone_valid_from"": ""2025-09-16T00:00:00"", ""zone_valid_to"": ""2025-09-22T23:59:59.999999""}",not_applicable,0,0,0,,,,0,,,
NVDA::20250916::resistance::1::probe::2025-09-22T00:00:00,NVDA,NVDA::20250916::resistance::1,2025-09-22,probe,up,183.61000061035156,183.25190578222274,0.0019541124366498457,4,True,0,composite,resistance,"D,W",0.04359661755246876,2,"{""source_reason"": ""vp_D,vp_W"", ""trigger_rule"": ""probe"", ""zone_valid_from"": ""2025-09-16T00:00:00"", ""zone_valid_to"": ""2025-09-22T23:59:59.999999""}",not_applicable,0,0,0,,,,0,,,
NVDA::20250916::support::4::test::2025-09-22T00:00:00,NVDA,NVDA::20250916::support::4,2025-09-22,test,down,183.61000061035156,174.8220441531717,0.05026801110665553,4,False,2,composite,support,"D,W",0.013145217118079696,2,"{""source_reason"": ""avwap_D,avwap_W"", ""trigger_rule"": ""test"", ""zone_valid_from"": ""2025-09-16T00:00:00"", ""zone_valid_to"": ""2025-09-22T23:59:59.999999""}",not_applicable,0,0,0,,,,0,,,
NVDA::20251007::resistance::1::test::2025-10-07T00:00:00,NVDA,NVDA::20251007::resistance::1,2025-10-07,test,up,185.0399932861328,188.33021463004786,-0.017470491128459102,0,True,0,composite,resistance,"D,W",0.016476957622813537,2,"{""source_reason"": ""avwap_D,avwap_W"", ""trigger_rule"": ""test"", ""zone_valid_from"": ""2025-10-07T00:00:00"", ""zone_valid_to"": ""2025-10-13T23:59:59.999999""}",not_applicable,0,0,0,,,,0,,,
NVDA::20251007::resistance::1::probe::2025-10-08T00:00:00,NVDA,NVDA::20251007::resistance::1,2025-10-08,probe,up,189.11000061035156,188.33021463004786,0.004140525097555355,1,False,1,composite,resistance,"D,W",0.016476957622813537,2,"{""source_reason"": ""avwap_D,avwap_W"", ""trigger_rule"": ""probe"", ""zone_valid_from"": ""2025-10-07T00:00:00"", ""zone_valid_to"": ""2025-10-13T23:59:59.999999""}",not_applicable,0,0,0,,,,0,,,
NVDA::20251007::resistance::1::breakout_up::2025-10-09T00:00:00,NVDA,NVDA::20251007::resistance::1,2025-10-09,breakout_up,up,192.57000732421875,188.33021463004786,0.022512546393574986,2,False,2,composite,resistance,"D,W",0.016476957622813537,2,"{""source_reason"": ""avwap_D,avwap_W"", ""trigger_rule"": ""breakout_up"", ""zone_valid_from"": ""2025-10-07T00:00:00"", ""zone_valid_to"": ""2025-10-13T23:59:59.999999""}",failure,0,1,0,-0.20480864590197292,0.4131484767201457,-0.3517682033376787,1,1.0,,2025-02-05
NVDA::20251007::resistance::1::failed_breakout_up::2025-10-10T00:00:00,NVDA,NVDA::20251007::resistance::1,2025-10-10,failed_breakout_up,up,183.16000366210938,188.33021463004786,-0.027452902223335473,3,False,3,composite,resistance,"D,W",0.016476957622813537,2,"{""source_reason"": ""avwap_D,avwap_W"", ""trigger_rule"": ""failed_breakout_up"", ""zone_valid_from"": ""2025-10-07T00:00:00"", ""zone_valid_to"": ""2025-10-13T23:59:59.999999""}",not_applicable,0,0,0,,,,0,,,
NVDA::20251007::resistance::1::test::2025-10-13T00:00:00,NVDA,NVDA::20251007::resistance::1,2025-10-13,test,up,188.32000732421875,188.33021463004786,-5.41989815556871e-05,4,False,3,composite,resistance,"D,W",0.016476957622813537,2,"{""source_reason"": ""avwap_D,avwap_W"", ""trigger_rule"": ""test"", ""zone_valid_from"": ""2025-10-07T00:00:00"", ""zone_valid_to"": ""2025-10-13T23:59:59.999999""}",not_applicable,0,0,0,,,,0,,,
NVDA::20251014::support::3::probe::2025-10-14T00:00:00,NVDA,NVDA::20251014::support::3,2025-10-14,probe,down,180.02999877929688,185.47925285339355,-0.029379318658372372,0,True,0,composite,support,"D,W",0.024004850918502265,3,"{""source_reason"": ""avwap_D,avwap_W,vp_D"", ""trigger_rule"": ""probe"", ""zone_valid_from"": ""2025-10-14T00:00:00"", ""zone_valid_to"": ""2025-10-20T23:59:59.999999""}",not_applicable,0,0,0,,,,0,,,
NVDA::20251014::support::3::breakout_down::2025-10-15T00:00:00,NVDA,NVDA::20251014::support::3,2025-10-15,breakout_down,down,179.8300018310547,185.47925285339355,-0.03045758992141368,1,False,1,composite,support,"D,W",0.024004850918502265,3,"{""source_reason"": ""avwap_D,avwap_W,vp_D"", ""trigger_rule"": ""breakout_down"", ""zone_valid_from"": ""2025-10-14T00:00:00"", ""zone_valid_to"": ""2025-10-20T23:59:59.999999""}",success,1,0,0,0.37157314694129717,-0.14847353987865772,0.3402101967537803,0,,1.0,2025-02-04
NVDA::20251014::support::3::probe::2025-10-20T00:00:00,NVDA,NVDA::20251014::support::3,2025-10-20,probe,down,182.63999938964844,185.47925285339355,-0.015307660668599475,4,False,2,composite,support,"D,W",0.024004850918502265,3,"{""source_reason"": ""avwap_D,avwap_W,vp_D"", ""trigger_rule"": ""probe"", ""zone_valid_from"": ""2025-10-14T00:00:00"", ""zone_valid_to"": ""2025-10-20T23:59:59.999999""}",not_applicable,0,0,0,,,,0,,,
NVDA::20251014::support::3::retest_down::2025-10-20T00:00:00,NVDA,NVDA::20251014::support::3,2025-10-20,retest_down,down,182.63999938964844,185.47925285339355,-0.015307660668599475,4,False,2,composite,support,"D,W",0.024004850918502265,3,"{""source_reason"": ""avwap_D,avwap_W,vp_D"", ""trigger_rule"": ""retest_down"", ""zone_valid_from"": ""2025-10-14T00:00:00"", ""zone_valid_to"": ""2025-10-20T23:59:59.999999""}",not_applicable,0,0,0,,,,0,,,
NVDA::20251021::resistance::1::probe::2025-10-24T00:00:00,NVDA,NVDA::20251021::resistance::1,2025-10-24,probe,up,186.25999450683594,185.9895712449559,0.0014539700267596288,3,True,0,composite,resistance,"D,W",0.018311476712752406,2,"{""source_reason"": ""avwap_D,avwap_W"", ""trigger_rule"": ""probe"", ""zone_valid_from"": ""2025-10-21T00:00:00"", ""zone_valid_to"": ""2025-10-27T23:59:59.999999""}",not_applicable,0,0,0,,,,0,,,
NVDA::20251104::support::2::probe::2025-11-04T00:00:00,NVDA,NVDA::20251104::support::2,2025-11-04,probe,down,198.69000244140625,200.98270667008248,-0.011407470158314432,0,True,0,cost,support,W,0.01000000000000001,1,"{""source_reason"": ""avwap_W"", ""trigger_rule"": ""probe"", ""zone_valid_from"": ""2025-11-04T00:00:00"", ""zone_valid_to"": ""2025-11-10T23:59:59.999999""}",not_applicable,0,0,0,,,,0,,,
NVDA::20251104::support::3::probe::2025-11-04T00:00:00,NVDA,NVDA::20251104::support::3,2025-11-04,probe,down,198.69000244140625,205.19137770066135,-0.031684446647360975,0,True,0,cost,support,D,0.010000000000000002,1,"{""source_reason"": ""avwap_D"", ""trigger_rule"": ""probe"", ""zone_valid_from"": ""2025-11-04T00:00:00"", ""zone_valid_to"": ""2025-11-10T23:59:59.999999""}",not_applicable,0,0,0,,,,0,,,
NVDA::20251104::support::2::breakout_down::2025-11-05T00:00:00,NVDA,NVDA::20251104::support::2,2025-11-05,breakout_down,down,195.2100067138672,200.98270667008248,-0.028722371451048796,1,False,1,cost,support,W,0.01000000000000001,1,"{""source_reason"": ""avwap_W"", ""trigger_rule"": ""breakout_down"", ""zone_valid_from"": ""2025-11-04T00:00:00"", ""zone_valid_to"": ""2025-11-10T23:59:59.999999""}",success,1,0,0,0.4210849943677475,-0.21556272928536013,0.3921930359861499,0,,1.0,2025-02-04
NVDA::20251104::support::3::breakout_down::2025-11-05T00:00:00,NVDA,NVDA::20251104::support::3,2025-11-05,breakout_down,down,195.2100067138672,205.19137770066135,-0.04864420278592432,1,False,1,cost,support,D,0.010000000000000002,1,"{""source_reason"": ""avwap_D"", ""trigger_rule"": ""breakout_down"", ""zone_valid_from"": ""2025-11-04T00:00:00"", ""zone_valid_to"": ""2025-11-10T23:59:59.999999""}",success,1,0,0,0.4210849943677475,-0.21556272928536013,0.3921930359861499,0,,1.0,2025-02-04
NVDA::20251104::support::2::probe::2025-11-10T00:00:00,NVDA,NVDA::20251104::support::2,2025-11-10,probe,down,199.0500030517578,200.98270667008248,-0.009616268236934641,4,False,2,cost,support,W,0.01000000000000001,1,"{""source_reason"": ""avwap_W"", ""trigger_rule"": ""probe"", ""zone_valid_from"": ""2025-11-04T00:00:00"", ""zone_valid_to"": ""2025-11-10T23:59:59.999999""}",not_applicable,0,0,0,,,,0,,,
NVDA::20251104::support::3::probe::2025-11-10T00:00:00,NVDA,NVDA::20251104::support::3,2025-11-10,probe,down,199.0500030517578,205.19137770066135,-0.029929983987254754,4,False,2,cost,support,D,0.010000000000000002,1,"{""source_reason"": ""avwap_D"", ""trigger_rule"": ""probe"", ""zone_valid_from"": ""2025-11-04T00:00:00"", ""zone_valid_to"": ""2025-11-10T23:59:59.999999""}",not_applicable,0,0,0,,,,0,,,
NVDA::20251111::support::4::probe::2025-11-11T00:00:00,NVDA,NVDA::20251111::support::4,2025-11-11,probe,down,193.16000366210938,196.14859751391097,-0.01523637634773118,0,True,0,cost,support,W,0.009999999999999964,1,"{""source_reason"": ""avwap_W"", ""trigger_rule"": ""probe"", ""zone_valid_from"": ""2025-11-11T00:00:00"", ""zone_valid_to"": ""2025-11-17T23:59:59.999999""}",not_applicable,0,0,0,,,,0,,,
NVDA::20251111::support::4::breakout_down::2025-11-12T00:00:00,NVDA,NVDA::20251111::support::4,2025-11-12,breakout_down,down,193.8000030517578,196.14859751391097,-0.011973547055245169,1,False,1,cost,support,W,0.009999999999999964,1,"{""source_reason"": ""avwap_W"", ""trigger_rule"": ""breakout_down"", ""zone_valid_from"": ""2025-11-11T00:00:00"", ""zone_valid_to"": ""2025-11-17T23:59:59.999999""}",success,1,0,0,0.41687306317508627,-0.20985550840308115,0.3877708996000827,0,,1.0,2025-02-04
NVDA::20251111::support::3::probe::2025-11-13T00:00:00,NVDA,NVDA::20251111::support::3,2025-11-13,probe,down,186.86000061035156,190.7823128815035,-0.020559098020727452,2,True,0,cost,support,D,0.010000000000000054,1,"{""source_reason"": ""avwap_D"", ""trigger_rule"": ""probe"", ""zone_valid_from"": ""2025-11-11T00:00:00"", ""zone_valid_to"": ""2025-11-17T23:59:59.999999""}",not_applicable,0,0,0,,,,0,,,
NVDA::20251111::support::3::breakout_down::2025-11-14T00:00:00,NVDA,NVDA::20251111::support::3,2025-11-14,breakout_down,down,190.1699981689453,190.7823128815035,-0.003209494126106374,3,False,1,cost,support,D,0.010000000000000054,1,"{""source_reason"": ""avwap_D"", ""trigger_rule"": ""breakout_down"", ""zone_valid_from"": ""2025-11-11T00:00:00"", ""zone_valid_to"": ""2025-11-17T23:59:59.999999""}",success,1,0,0,0.40574221368065955,-0.21664824811977165,0.32334230470222175,0,,1.0,2025-02-06
NVDA::20251111::support::4::probe::2025-11-17T00:00:00,NVDA,NVDA::20251111::support::4,2025-11-17,probe,down,186.60000610351562,196.14859751391097,-0.04868039604370944,4,False,2,cost,support,W,0.009999999999999964,1,"{""source_reason"": ""avwap_W"", ""trigger_rule"": ""probe"", ""zone_valid_from"": ""2025-11-11T00:00:00"", ""zone_valid_to"": ""2025-11-17T23:59:59.999999""}",not_applicable,0,0,0,,,,0,,,
NVDA::20251125::support::4::test::2025-11-25T00:00:00,NVDA,NVDA::20251125::support::4,2025-11-25,test,down,177.82000732421875,169.70244261105853,0.047834106499957035,0,True,0,composite,support,"D,W",0.09957683332993905,2,"{""source_reason"": ""avwap_D,vp_W"", ""trigger_rule"": ""test"", ""zone_valid_from"": ""2025-11-25T00:00:00"", ""zone_valid_to"": ""2025-12-02T23:59:59.999999""}",not_applicable,0,0,0,,,,0,,,
NVDA::20251217::resistance::1::probe::2025-12-23T00:00:00,NVDA,NVDA::20251217::resistance::1,2025-12-23,probe,up,189.2100067138672,187.9466723079054,0.006721770545062463,4,True,0,composite,resistance,"D,W",0.05541073055572467,3,"{""source_reason"": ""avwap_D,avwap_W,vp_D"", ""trigger_rule"": ""probe"", ""zone_valid_from"": ""2025-12-17T00:00:00"", ""zone_valid_to"": ""2025-12-23T23:59:59.999999""}",not_applicable,0,0,0,,,,0,,,
